# Kambe integral I_n(x, eta) at the arguments that the reduced Kambe integral F_n of
# the lattice sums passes to it: x = sqrt(-2 v w^2), with x.im = 1e-100 where it is
# real, and eta = -i/w, for v in {1e-12, 1e-8, 1e-4, 0.01, 0.1, 0.5, 1, 3, 10} times
# {1, -1, -e^(-1e-8 i), e^(0.5 i), e^(-2i)} and w in {0.5, 1, 1.5, 2, 3, 4, 5, 6} times
# {1, e^(1e-8 i), e^(0.2 i), e^(-0.3 i)}; v on the negative real axis with complex w is
# left out (a = v then lies on the branch cut). One order per (v, w), cycling through
# -16..-1, and order -1 also at |v| <= 1e-8 for real w in {0.5, 2, 5}, except at
# v = 1e-8 e^(0.5 i). `n re(x) im(x) re(eta) im(eta): re im`.
# Generated with mpmath 1.3.0 from the gamma series at 70 digits (its terms cancel by
# up to e^(w^2), 16 digits at w = 6), confirmed at 100 digits to 1e-48 and, for the
# 264 rows with Re a > 0 on the principal branch, by 30-digit quadrature of
# eta^(n+1)/2 int_1^inf s^((n-1)/2) e^(-a s + c/s) ds, a = (x eta)^2/2, c = 1/(2 eta^2).
# Even orders take the branch sqrt(a) = x eta / sqrt 2 with Re x >= 0.
-16 0.0 7.071067811865475e-07 -0.0 -2.0: 0.0 -1.8221997379400235e-06
-1 0.0 7.071067811865475e-07 -0.0 -2.0: 13.466302843612825 0.0
-15 7.071067811865475e-07 1e-100 -0.0 -2.0: -3.908341989524519e-06 1.035531954311274e-85
-1 7.071067811865475e-07 1e-100 -0.0 -2.0: 13.466302843608325 1.5707963267947003
-14 7.071067811865475e-07 -3.535533927743436e-15 -0.0 -2.0: 9.984852949219743e-26 8.42683633975812e-06
-1 7.071067811865475e-07 -3.535533927743436e-15 -0.0 -2.0: 13.466302843608325 -1.5707963217947003
-13 1.7494101728127345e-07 -6.851245437674768e-07 -0.0 -2.0: 1.8280140612237956e-05 -1.0548482770671082e-17
-1 1.7494101728127345e-07 -6.851245437674768e-07 -0.0 -2.0: 13.466302843612564 -0.24999999999894892
-12 5.95009839529386e-07 3.820514243700897e-07 -0.0 -2.0: 4.454461623415498e-17 -3.993941155046426e-05
-1 5.95009839529386e-07 3.820514243700897e-07 -0.0 -2.0: 13.466302843609752 0.9999999999979026
-11 0.0 7.071067811865475e-05 -0.0 -2.0: -8.800935109948297e-05 0.0
-1 0.0 7.071067811865475e-05 -0.0 -2.0: 8.861132674361384 0.0
-10 7.071067811865475e-05 1e-100 -0.0 -2.0: -5.861289188170258e-41 0.0001959517996890825
-1 7.071067811865475e-05 1e-100 -0.0 -2.0: 8.861132640883582 1.5707963248314012
-9 7.071067811865475e-05 -3.535533927743436e-13 -0.0 -2.0: 0.0004419078656702169 -5.929550944227094e-20
-1 7.071067811865475e-05 -3.535533927743436e-13 -0.0 -2.0: 8.861132640883582 -1.570796319831401
-8 1.7494101728127348e-05 -6.851245437674768e-05 -0.0 -2.0: -6.853615915137703e-12 -0.0010129226801115297
-7 5.950098395293859e-05 3.8205142437008976e-05 -0.0 -2.0: -0.002371820342066689 -3.269371920864048e-11
-1 5.950098395293859e-05 3.8205142437008976e-05 -0.0 -2.0: 8.861132651793264 0.9999999842591775
-6 0.0 0.007071067811865475 -0.0 -2.0: 0.0 0.005717223408998856
-5 0.007071067811865475 1e-100 -0.0 -2.0: 0.014384908326447019 4.908718068188838e-10
-4 0.007071067811865475 -3.535533927743436e-11 -0.0 -2.0: 1.4770362908706598e-07 -0.03868876509652135
-3 0.001749410172812735 -0.006851245437674768 -0.0 -2.0: -0.11739575646683083 5.1519522660421235e-05
-2 0.005950098395293859 0.0038205142437008977 -0.0 -2.0: -0.007406320002206137 0.47511363248865884
-1 0.0 0.07071067811865475 -0.0 -2.0: 1.9614733048768183 0.0
-16 0.07071067811865475 1e-100 -0.0 -2.0: 3.415167419530922e-24 -1.843392151397038e-06
-15 0.07071067811865475 -3.535533927743436e-10 -0.0 -2.0: -3.954318524950078e-06 4.625389719232187e-16
-14 0.017494101728127345 -0.06851245437674768 -0.0 -2.0: 4.735728327888335e-08 8.339541675310577e-06
-13 0.059500983952938596 0.038205142437008975 -0.0 -2.0: 1.8370794055053358e-05 2.0111006022173158e-07
-12 0.0 0.22360679774997896 -0.0 -2.0: 0.0 -3.5342861972921406e-05
-11 0.22360679774997896 1e-100 -0.0 -2.0: -9.983776523268016e-05 -1.2756565387323373e-10
-10 0.22360679774997896 -1.1180339956470432e-09 -0.0 -2.0: -1.8490016349182666e-09 0.00022317014769370616
-9 0.055321207079570146 -0.21665540391889448 -0.0 -2.0: 0.0003922688503853135 -2.492200012425131e-05
-8 0.18815863231241495 0.1208152684321044 -0.0 -2.0: 0.00013860290920029918 -0.0010635684641831118
-7 0.0 0.5 -0.0 -2.0: -0.001169428639202286 0.0
-6 0.5 1e-100 -0.0 -2.0: -0.0025647674194121685 0.01355366588303171
-5 0.5 -2.5000000154224926e-09 -0.0 -2.0: 0.03407238949732963 -0.01201817210848117
-4 0.12370197962726145 -0.4844562108553224 -0.0 -2.0: -0.07989153765650174 0.06200880675810888
-3 0.42073549240394825 0.2701511529340699 -0.0 -2.0: -0.04578593441819641 -0.09729666424011994
-2 0.0 0.7071067811865476 -0.0 -2.0: 0.0 0.04076662277819786
-1 0.7071067811865476 1e-100 -0.0 -2.0: -0.992328051873227 1.380498150415045
-16 0.7071067811865476 -3.5355339277434356e-09 -0.0 -2.0: 3.3656970264872442e-09 -5.9167637473923e-06
-15 0.17494101728127345 -0.6851245437674768 -0.0 -2.0: -1.2084732904519256e-06 7.361664059074145e-07
-14 0.5950098395293859 0.38205142437008976 -0.0 -2.0: -1.198881815755692e-05 6.225319760161323e-06
-13 0.0 1.224744871391589 -0.0 -2.0: 5.808257460270809e-07 0.0
-12 1.224744871391589 1e-100 -0.0 -2.0: 0.0010582412085756927 -0.00171800724478568
-11 1.224744871391589 -6.123724394735184e-09 -0.0 -2.0: -0.0034817228816788172 0.0029172866185228075
-10 0.30300673025895064 -1.1866705193177167 -0.0 -2.0: -0.013212459090297186 -0.011400798054329031
-9 1.030587273068301 0.6617324781130537 -0.0 -2.0: -0.0012355010936550453 -0.0005479685793682905
-8 0.0 2.23606797749979 -0.0 -2.0: 0.0 -1.1096057190582205e-08
-7 2.23606797749979 1e-100 -0.0 -2.0: 28.32396785001255 -2.961471523077242
-6 2.23606797749979 -1.1180339956470432e-08 -0.0 -2.0: -3.2176301992709178 -51.28774021072323
-5 0.5532120707957016 -2.1665540391889446 -0.0 -2.0: 1.5878646252033426e-07 3.027852709950376e-07
-4 1.8815863231241494 1.208152684321044 -0.0 -2.0: -0.3689708104468677 0.05294131276184416
-3 7.071067811865474e-15 -7.071067811865476e-07 -2e-08 -2.0: -0.11750309741191299 -2.2062422563919504e-09
-2 7.071067811865475e-07 3.5355338841220394e-15 -2e-08 -2.0: -8.906394099656058e-07 0.4799252189593185
-1 1.7494102413251887e-07 -6.851245420180667e-07 -2e-08 -2.0: 13.466302843612564 -0.25000000117397986
-16 5.950098357088717e-07 3.820514303201881e-07 -2e-08 -2.0: 2.693185973222375e-13 -1.8221997379429858e-06
-15 7.071067811865476e-13 -7.071067811865475e-05 -2e-08 -2.0: -3.908341943819558e-06 -5.386333570935754e-13
-14 7.071067811865475e-05 3.5355338841220405e-13 -2e-08 -2.0: -1.0772667385589851e-12 8.42683643959659e-06
-13 1.7494102413251892e-05 -6.851245420180666e-05 -2e-08 -2.0: 1.8280140419168458e-05 2.049048604261296e-12
-12 5.9500983570887174e-05 3.820514303201881e-05 -2e-08 -2.0: 4.7545130938974935e-12 -3.993941175430537e-05
-11 7.071067811865475e-11 -0.007071067811865475 -2e-08 -2.0: -8.799830524891505e-05 -8.617051119726111e-12
-10 0.007071067811865476 3.535533884122039e-11 -2e-08 -2.0: -1.7238244608024345e-11 0.0001959771220111265
-9 0.001749410241325189 -0.006851245420180666 -2e-08 -2.0: 0.0004418558254672047 -2.838953090249071e-08
-8 0.005950098357088717 0.0038205143032018817 -2e-08 -2.0: 1.3006648627069506e-07 -0.0010129821749155195
-7 7.071067811865476e-10 -0.07071067811865475 -2e-08 -2.0: -0.0023362251215340284 -1.3581327777747584e-10
-6 0.07071067811865477 3.535533884122039e-10 -2e-08 -2.0: -1.4793129195780432e-07 0.005816376016399669
-5 0.017494102413251892 -0.06851245420180666 -2e-08 -2.0: 0.014129395381189873 -0.0001341388062111104
-4 0.05950098357088717 0.038205143032018815 -2e-08 -2.0: 0.0010649067071694883 -0.03903445023290105
-3 2.2360679774997897e-09 -0.22360679774997896 -2e-08 -2.0: -0.08408587416330322 -1.5623488900542958e-09
-2 0.223606797749979 1.1180339818527467e-09 -2e-08 -2.0: -0.27791998370463383 0.42328654703867624
-1 0.05532120924612419 -0.21665540336568243 -2e-08 -2.0: 0.8616118379538877 -0.2215072611930302
-16 0.18815863110426229 0.1208152703136907 -2e-08 -2.0: 2.0084935817505538e-07 -1.9012196073436503e-06
-15 5e-09 -0.5 -2e-08 -2.0: -2.1880133640833746e-06 -3.0149154335449785e-13
-14 0.5 2.4999999845775075e-09 -2e-08 -2.0: -1.124614818599951e-09 1.53501959430964e-05
-13 0.12370198447182357 -0.4844562096183026 -2e-08 -2.0: 1.0393030406604682e-05 -3.0219860902567816e-06
-12 0.42073548970243674 0.2701511571414248 -2e-08 -2.0: 2.733758186637787e-05 -4.3208593877017737e-05
-11 7.071067811865475e-09 -0.7071067811865476 -2e-08 -2.0: -2.607451399304058e-05 -2.5512365317280374e-12
-10 0.7071067811865476 3.535533884122039e-09 -2e-08 -2.0: -5.7293576732274956e-05 0.0007878251695605618
-9 0.17494102413251889 -0.6851245420180666 -2e-08 -2.0: 0.00011858816645403783 -7.95057952358852e-05
-8 0.5950098357088717 0.3820514303201882 -2e-08 -2.0: 0.0015279339178563274 -0.0004271886879822984
-7 1.2247448713915894e-08 -1.224744871391589 -2e-08 -2.0: -5.369143552029035e-05 -3.104381477923235e-12
-6 1.2247448713915892 6.1237243191807085e-09 -2e-08 -2.0: -0.20658389568067084 -0.02546858951340195
-5 0.3030067421256558 -1.1866705162876494 -2e-08 -2.0: -5.902809804603601e-05 -0.0003666678482827139
-4 1.0305872664509763 0.6617324884189264 -2e-08 -2.0: -0.045646594382868014 0.03649010382459936
-3 2.2360679774997895e-08 -2.23606797749979 -2e-08 -2.0: -4.264351864862536e-07 -7.541525181767109e-15
-2 2.23606797749979 1.1180339818527467e-08 -2e-08 -2.0: -0.986090365626795 -577.4945407623921
-1 0.5532120924612418 -2.166554033656824 -2e-08 -2.0: 3.302761298351802e-06 5.4192759039768e-06
-16 1.8815863110426228 1.208152703136907 -2e-08 -2.0: -6.249488957074899e-05 5.392693292007131e-05
-15 1.4048043101898116e-07 -6.930117232058353e-07 -0.3973386615901224 -1.960133155682483: 3.654854742375673e-06 -1.477270200185624e-06
-14 6.930117239082375e-07 1.4048042755392253e-07 -0.3973386615901224 -1.960133155682483: -4.6839095210161075e-06 -7.091744073787382e-06
-13 3.0756707875247944e-07 -6.367122521733551e-07 -0.3973386615901224 -1.960133155682483: -1.3063558817502761e-05 1.3007021084917902e-05
-12 5.072473564005259e-07 4.926460386775457e-07 -0.3973386615901224 -1.960133155682483: 3.350635011514068e-05 2.2342926156551787e-05
-11 1.4048043101898119e-05 -6.930117232058352e-05 -0.3973386615901224 -1.960133155682483: 3.363230527223532e-05 -8.211088781173149e-05
-10 6.930117239082375e-05 1.4048042755392251e-05 -0.3973386615901224 -1.960133155682483: -0.00019399301470207492 -3.720938625920726e-05
-9 3.075670787524794e-05 -6.367122521733551e-05 -0.3973386615901224 -1.960133155682483: 4.269952070386498e-06 0.0004453609993830508
-8 5.07247356400526e-05 4.926460386775457e-05 -0.3973386615901224 -1.960133155682483: 0.0009985490607455562 -0.00021124557380965538
-7 0.0014048043101898117 -0.006930117232058353 -0.3973386615901224 -1.960133155682483: -0.0009458490689354046 -0.00219363307565467
-6 0.006930117239082375 0.0014048042755392253 -0.3973386615901224 -1.960133155682483: -0.00473576264663607 0.0032769511070814663
-5 0.003075670787524794 -0.0063671225217335516 -0.3973386615901224 -1.960133155682483: 0.01041239131637972 0.010051468162304763
-4 0.005072473564005259 0.004926460386775457 -0.3973386615901224 -1.960133155682483: 0.021042132101800858 -0.03272324543249779
-3 0.014048043101898118 -0.06930117232058353 -0.3973386615901224 -1.960133155682483: -0.10411728515718074 -0.04102111637275119
-2 0.06930117239082374 0.014048042755392256 -0.3973386615901224 -1.960133155682483: -0.17366616727969117 0.45027722213735
-1 0.030756707875247945 -0.06367122521733551 -0.3973386615901224 -1.960133155682483: 1.9643212010277327 -0.268365616171483
-16 0.050724735640052594 0.04926460386775457 -0.3973386615901224 -1.960133155682483: 3.1968421655306244e-07 1.8190546013122733e-06
-15 0.04442381287021493 -0.21914954905286052 -0.3973386615901224 -1.960133155682483: 3.252104765634066e-06 -1.314864519311925e-06
-14 0.2191495492749796 0.04442381177446718 -0.3973386615901224 -1.960133155682483: -5.273328480201667e-06 -7.986318831983348e-06
-13 0.09726125021422144 -0.20134609310032967 -0.3973386615901224 -1.960133155682483: -1.1064163161108113e-05 1.2363202853858756e-05
-12 0.16040569833248514 0.15578835624804502 -0.3973386615901224 -1.960133155682483: 3.240119713526714e-05 2.7289865005981447e-05
-11 0.09933466539753061 -0.4900332889206208 -0.3973386615901224 -1.960133155682483: 1.812059185170394e-05 -4.435078907372406e-05
-10 0.4900332894172941 0.09933466294736416 -0.3973386615901224 -1.960133155682483: -0.00037944417910854787 -7.610264633776013e-05
-9 0.21748276705561506 -0.4502235511763385 -0.3973386615901224 -1.960133155682483: 7.786082212600499e-05 0.00023837788497536446
-8 0.35867804544976134 0.34835335467358275 -0.3973386615901224 -1.960133155682483: 0.0011838510469603038 0.0005671900633352966
-7 0.14048043101898117 -0.6930117232058353 -0.3973386615901224 -1.960133155682483: -0.0002442272237884973 -0.0005611094476589155
-6 0.6930117239082374 0.14048042755392257 -0.3973386615901224 -1.960133155682483: -0.027936001809491365 0.0020087452244257117
-5 0.30756707875247935 -0.6367122521733551 -0.3973386615901224 -1.960133155682483: 0.0036111684251646987 0.0003734716694868647
-4 0.5072473564005259 0.49264603867754575 -0.3973386615901224 -1.960133155682483: 0.03439558116305266 0.028261083489482135
-3 0.24331924399405033 -1.2003315148333662 -0.3973386615901224 -1.960133155682483: -0.0011307306935952484 -0.0004246302709691319
-2 1.2003315160499626 0.24331923799239272 -0.3973386615901224 -1.960133155682483: -0.8137213661227755 -2.4882512352571293
-1 0.5327218071348324 -1.1028179705658585 -0.3973386615901224 -1.960133155682483: -0.0027616057957857328 -0.008268103739583208
-16 0.8785781932907091 0.8532879691370513 -0.3973386615901224 -1.960133155682483: -8.558937020755498e-07 -6.711745297603773e-06
-15 0.4442381287021493 -2.191495490528605 -0.3973386615901224 -1.960133155682483: 6.541343559281753e-11 -2.6713725491281978e-11
-14 2.191495492749796 0.44423811774467176 -0.3973386615901224 -1.960133155682483: 0.39529909248269673 0.09623935195754076
-13 0.9726125021422142 -2.0134609310032965 -0.3973386615901224 -1.960133155682483: -9.679969428944228e-10 -3.989943353919385e-10
-12 1.604056983324851 1.5578835624804501 -0.3973386615901224 -1.960133155682483: 6.0527255980628816e-05 -0.0014102961460100197
-11 2.089643421078831e-07 6.755249097756645e-07 0.5910404133226791 -1.9106729782512122: 8.782522721450609e-05 1.7827199485951602e-05
-10 6.755249087308427e-07 -2.0896434548550772e-07 0.5910404133226791 -1.9106729782512122: 9.548157069895144e-05 -0.00017512220074825902
-9 3.534060950936698e-08 7.062230818371108e-07 0.5910404133226791 -1.9106729782512122: -0.00031395191063290397 -0.00032187672325411406
-8 6.813385269763018e-07 1.891502356799039e-07 0.5910404133226791 -1.9106729782512122: -0.000916283822796631 0.00047068453602441926
-7 2.089643421078831e-05 6.755249097756644e-05 0.5910404133226791 -1.9106729782512122: 0.0004233547109138675 0.0023730540694133005
-6 6.755249087308427e-05 -2.089643454855077e-05 0.5910404133226791 -1.9106729782512122: 0.005764365099519494 0.0007002007121702645
-5 3.5340609509366975e-06 7.062230818371108e-05 0.5910404133226791 -1.9106729782512122: 0.005914635991438168 -0.013335997180568748
-4 6.813385269763019e-05 1.8915023567990388e-05 0.5910404133226791 -1.9106729782512122: -0.02963992566682665 -0.025612907253248246
-3 0.0020896434210788315 0.006755249097756644 0.5910404133226791 -1.9106729782512122: -0.10017052047859754 0.06354234618627681
-2 0.0067552490873084275 -0.0020896434548550767 0.5910404133226791 -1.9106729782512122: 0.12371431002769012 0.46735181922893787
-1 0.0003534060950936697 0.007062230818371108 0.5910404133226791 -1.9106729782512122: 4.2658011978972 -0.2164631605529649
-16 0.006813385269763018 0.0018915023567990393 0.5910404133226791 -1.9106729782512122: 1.7879868103544453e-06 5.038809817697861e-07
-15 0.020896434210788312 0.06755249097756644 0.5910404133226791 -1.9106729782512122: 2.13812093076966e-06 -3.306051454345937e-06
-14 0.06755249087308428 -0.02089643454855077 0.5910404133226791 -1.9106729782512122: -5.580359701010281e-06 -6.660914595787704e-06
-13 0.003534060950936697 0.07062230818371108 0.5910404133226791 -1.9106729782512122: -1.6946410858330593e-05 7.240233056625403e-06
-12 0.06813385269763018 0.018915023567990394 0.5910404133226791 -1.9106729782512122: 3.5803517655240825e-06 4.073235331090266e-05
-11 0.06608032708195415 0.21361973310708438 0.5910404133226791 -1.9106729782512122: 7.750724779015314e-05 1.5756170305150048e-05
-10 0.21361973277668272 -0.06608032815005281 0.5910404133226791 -1.9106729782512122: 0.00010865262684638417 -0.0001994643855629734
-9 0.011175681994820533 0.22332734747887606 0.5910404133226791 -1.9106729782512122: -0.0002966885012061342 -0.0002681346199206757
-8 0.215458160286919 0.0598145564706144 0.5910404133226791 -1.9106729782512122: -0.0010269164891747032 0.00036947362822533595
-7 0.14776010333066977 0.477668244562803 0.5910404133226791 -1.9106729782512122: 0.0002053220879697932 0.0011718313349675376
-6 0.47766824382400247 -0.14776010571901102 0.5910404133226791 -1.9106729782512122: 0.013442269615408661 0.004153854245023504
-5 0.024989584635339172 0.49937513019748314 0.5910404133226791 -1.9106729782512122: 0.0004398771388086075 -0.006921254738354262
-4 0.4817790927085965 0.1337494143122937 0.5910404133226791 -1.9106729782512122: 0.004918891205218184 -0.04365442145428421
-3 0.20896434210788312 0.6755249097756644 0.5910404133226791 -1.9106729782512122: -0.014681715671590552 0.008963324891714414
-2 0.6755249087308427 -0.2089643454855077 0.5910404133226791 -1.9106729782512122: -0.8658446139944997 0.07742725750591005
-1 0.03534060950936697 0.7062230818371108 0.5910404133226791 -1.9106729782512122: 0.08339819231861052 -0.08209434248088188
-16 0.6813385269763018 0.18915023567990394 0.5910404133226791 -1.9106729782512122: 6.91020103016782e-07 2.886525534864144e-06
-15 0.3619368575010581 1.1700434655098326 0.5910404133226791 -1.9106729782512122: 7.31393307895043e-08 -1.12407081469518e-07
-14 1.1700434637001482 -0.3619368633512755 0.5910404133226791 -1.9106729782512122: -0.00015086097550378355 -0.0003705912858399355
-13 0.06121173124067538 1.223214259219749 0.5910404133226791 -1.9106729782512122: 3.689934398605582e-07 7.958866088583236e-07
-12 1.1801129458770927 0.32761781846122107 0.5910404133226791 -1.9106729782512122: 1.8463279805276597e-05 -0.00014066307618141937
-11 0.6608032708195414 2.1361973310708438 0.5910404133226791 -1.9106729782512122: 1.2573994769269618e-09 2.6545915847335227e-10
-10 2.1361973277668276 -0.660803281500528 0.5910404133226791 -1.9106729782512122: -1.0374573136927223 4.91181855820236
-9 0.11175681994820533 2.2332734747887604 0.5910404133226791 -1.9106729782512122: 6.996729773481258e-09 -1.773302956665043e-08
-8 2.15458160286919 0.5981455647061441 0.5910404133226791 -1.9106729782512122: 0.017308959816105942 0.016534897122798747
-7 0.0 1.414213562373095e-06 -0.0 -1.0: -0.11510142373558509 0.0
-6 1.414213562373095e-06 1e-100 -0.0 -1.0: -4.7265436024140326e-31 0.14075053682616182
-5 1.414213562373095e-06 -7.071067855486872e-15 -0.0 -1.0: 0.1804080208624932 -3.935478825448224e-21
-4 3.498820345625469e-07 -1.3702490875349535e-06 -0.0 -1.0: -4.1020899037523235e-13 -0.2490937321787645
-3 1.190019679058772e-06 7.641028487401794e-07 -0.0 -1.0: -0.39346934029220215 -1.2968981160958647e-11
-2 0.0 0.0001414213562373095 -0.0 -1.0: 0.0 0.855447161128018
-1 0.0001414213562373095 1e-100 -0.0 -1.0: 8.699811448434831 1.570796318940915
-16 0.0001414213562373095 -7.071067855486872e-13 -0.0 -1.0: -4.9959693735295875e-18 -0.042945347580671894
-15 3.4988203456254697e-05 -0.00013702490875349535 -0.0 -1.0: -0.046189651623561916 2.60775653093517e-10
-14 0.00011900196790587719 7.641028487401795e-05 -0.0 -1.0: -5.426772648948413e-10 0.0499596930786456
-13 0.0 0.01414213562373095 -0.0 -1.0: 0.05438675049797509 0.0
-12 0.01414213562373095 1e-100 -0.0 -1.0: 5.456285419345677e-25 -0.05968834397751951
-11 0.01414213562373095 -7.071067855486872e-11 -0.0 -1.0: -0.06610081026685025 8.408939439608464e-14
-10 0.00349882034562547 -0.013702490875349535 -0.0 -1.0: 4.660479995971956e-06 0.0740149795507879
-9 0.011900196790587719 0.007641028487401795 -0.0 -1.0: 0.08408267202162079 1.0466825490546859e-05
-8 0.0 0.1414213562373095 -0.0 -1.0: 0.0 -0.09582684404116751
-7 0.1414213562373095 1e-100 -0.0 -1.0: -0.11692562804464962 -2.614723021435747e-07
-6 0.1414213562373095 -7.071067855486872e-10 -0.0 -1.0: -4.7197693896652266e-06 0.1432840117935998
-5 0.03498820345625469 -0.13702490875349535 -0.0 -1.0: 0.1770342380929318 -0.0017858771409838188
-4 0.11900196790587719 0.07641028487401795 -0.0 -1.0: 0.007560341862405107 -0.25153298777217276
-3 0.0 0.4472135954999579 -0.0 -1.0: -0.2731137121337712 0.0
-2 0.4472135954999579 1e-100 -0.0 -1.0: -0.5420017634113832 0.7108049427682689
-1 0.4472135954999579 -2.2360679912940865e-09 -0.0 -1.0: 0.5293342765813424 -1.493232815157389
-16 0.11064241415914029 -0.43331080783778897 -0.0 -1.0: -0.002156041323283927 -0.0387211681021204
-15 0.3763172646248299 0.2416305368642088 -0.0 -1.0: -0.04822369858091852 -0.005191670860088703
-14 0.0 1.0 -0.0 -1.0: 0.0 0.027659647042821395
-13 1.0 1e-100 -0.0 -1.0: 0.10094082674136244 3.2889864423343055e-05
-12 1.0 -5.000000030844985e-09 -0.0 -1.0: 0.00011600747229819283 -0.11261794677926387
-11 0.2474039592545229 -0.9689124217106448 -0.0 -1.0: -0.036469357668501845 0.011075583787680253
-10 0.8414709848078965 0.5403023058681398 -0.0 -1.0: -0.05455940231370991 0.07833864286781829
-9 0.0 1.4142135623730951 -0.0 -1.0: 0.023145463443444408 0.0
-8 1.4142135623730951 1e-100 -0.0 -1.0: 0.12070404336735256 -0.44631560553617006
-7 1.4142135623730951 -7.071067855486871e-09 -0.0 -1.0: -0.5264390822792641 0.23066606649303162
-6 0.3498820345625469 -1.3702490875349536 -0.0 -1.0: -1.0132759150558721 0.2990131145653411
-5 1.1900196790587718 0.7641028487401795 -0.0 -1.0: -0.01113278251944246 0.23292586532425494
-4 0.0 2.449489742783178 -0.0 -1.0: 0.0 -0.0031838576536850024
-3 2.449489742783178 1e-100 -0.0 -1.0: 3.649622837896809 -1.959107287495558
-2 2.449489742783178 -1.2247448789470368e-08 -0.0 -1.0: -0.7998120476690634 -3.4565387852192573
-1 0.6060134605179013 -2.3733410386354334 -0.0 -1.0: -0.0019101151230617828 -0.0060602927219491325
-16 2.061174546136602 1.3234649562261074 -0.0 -1.0: -0.012529825164801577 0.15742536006286817
-15 0.0 4.47213595499958 -0.0 -1.0: -8.040737357233974e-07 0.0
-14 4.47213595499958 1e-100 -0.0 -1.0: -1324.0079401565768 -1801.0915161213206
-13 4.47213595499958 -2.2360679912940863e-08 -0.0 -1.0: -1808.630026795004 -1030.4438985257186
-12 1.1064241415914031 -4.333108078377889 -0.0 -1.0: -344.0800498561921 -6629.948449420361
-11 3.763172646248299 2.416305368642088 -0.0 -1.0: 0.8930301779851503 1.8120816147103112
-10 1.4142135623730948e-14 -1.4142135623730952e-06 -1e-08 -1.0: -6.0653065971183155e-09 0.07402351120578014
-9 1.414213562373095e-06 7.071067768244079e-15 -1e-08 -1.0: 0.08407788270207439 6.065306597133544e-09
-8 3.4988204826503775e-07 -1.3702490840361334e-06 -1e-08 -1.0: 6.065239117716609e-09 -0.09722202441680641
-7 1.1900196714177435e-06 7.641028606403762e-07 -1e-08 -1.0: -0.11510142373584038 -6.065470641679505e-09
-6 1.4142135623730952e-12 -0.0001414213562373095 -1e-08 -1.0: -6.065306486654521e-09 0.14075053433497528
-5 0.0001414213562373095 7.071067768244081e-13 -1e-08 -1.0: 0.1804080247967935 6.065306618586525e-09
-4 3.4988204826503785e-05 -0.0001370249084036133 -1e-08 -1.0: 1.96241903408786e-09 -0.2490937246698403
-3 0.00011900196714177435 7.641028606403762e-05 -1e-08 -1.0: -0.39346936947911526 -9.388042458868202e-08
-2 1.414213562373095e-10 -0.01414213562373095 -1e-08 -1.0: -6.244887573863235e-09 0.8734957381562933
-1 0.014142135623730952 7.071067768244079e-11 -1e-08 -1.0: 4.094356258496514 -1.5707177868969864
-16 0.003498820482650378 -0.013702490840361332 -1e-08 -1.0: -2.3888794911186608e-06 -0.042940962867118515
-15 0.011900196714177434 0.007641028606403763 -1e-08 -1.0: -0.04619191544668074 -4.952289861210755e-06
-14 1.4142135623730951e-09 -0.1414213562373095 -1e-08 -1.0: -5.993166679367837e-09 0.04936656844921153
-13 0.14142135623730953 7.071067768244078e-10 -1e-08 -1.0: 0.055058506490033035 6.132955658302692e-09
-12 0.034988204826503784 -0.1370249084036133 -1e-08 -1.0: -0.0003508144480378989 -0.05903394851223096
-11 0.11900196714177434 0.07641028606403763 -1e-08 -1.0: -0.06643849862397379 -0.0007688710090668273
-10 4.4721359549995795e-09 -0.4472135954999579 -1e-08 -1.0: -5.319715285641416e-09 0.06496819082750561
-9 0.447213595499958 2.2360679637054934e-09 -1e-08 -1.0: 0.09656253350240877 -6.472968343620657e-06
-8 0.11064241849224837 -0.43331080673136485 -1e-08 -1.0: -0.005890100782008098 -0.0855433118860605
-7 0.37631726220852457 0.2416305406273814 -1e-08 -1.0: -0.12111924466093267 -0.017666846769202077
-6 1e-08 -1.0 -1e-08 -1.0: -1.1968273867907789e-08 0.244096976263483
-5 1.0 4.999999969155015e-09 -1e-08 -1.0: 0.43132890695774645 -0.18048995977848659
-4 0.24740396894364713 -0.9689124192366052 -1e-08 -1.0: -0.6911439812271221 0.5439043806348354
-3 0.8414709794048735 0.5403023142828496 -1e-08 -1.0: -0.12365625040299469 -0.3188372081112859
-2 1.414213562373095e-08 -1.4142135623730951 -1e-08 -1.0: -7.740872515712831e-08 4.913249717848921
-1 1.4142135623730951 7.071067768244078e-09 -1e-08 -1.0: -1.0569869052142589 -0.8782858522571263
-16 0.34988204826503777 -1.3702490840361332 -1e-08 -1.0: -0.007960206717004929 -0.01354077110354337
-15 1.1900196714177433 0.7641028606403764 -1e-08 -1.0: -0.034603708402897865 -0.06541600631236408
-14 2.4494897427831788e-08 -2.449489742783178 -1e-08 -1.0: -3.4611942176682607e-07 2.5848791885620406
-13 2.4494897427831783 1.2247448638361417e-08 -1e-08 -1.0: 2.431918686998219 -1.2798647602769844
-12 0.6060134842513116 -2.373341032575299 -1e-08 -1.0: -1.5745327729998262 -5.388624702686126
-11 2.0611745329019526 1.3234649768378528 -1e-08 -1.0: 0.2072944072828116 0.06891272538571645
-10 4.472135954999579e-08 -4.47213595499958 -1e-08 -1.0: -0.00047317196143890764 4458.697186980593
-9 4.47213595499958 2.2360679637054933e-08 -1e-08 -1.0: -1410.946345416296 -216.88352818409496
-8 1.1064241849224836 -4.333108067313648 -1e-08 -1.0: -1718.7901496059874 -1273.1144795675289
-7 3.7631726220852455 2.416305406273814 -1e-08 -1.0: 0.5283202175299866 1.9963976346041137
-6 2.809608620379623e-07 -1.3860234464116706e-06 -0.1986693307950612 -0.9800665778412415: -0.10999988429155576 0.09372331487162781
-5 1.386023447816475e-06 2.8096085510784506e-07 -0.1986693307950612 -0.9800665778412415: 0.14424714972846508 0.1155333760054803
-4 6.151341575049589e-07 -1.2734245043467102e-06 -0.1986693307950612 -0.9800665778412415: 0.11959140240897989 -0.22451919339927376
-3 1.0144947128010518e-06 9.852920773550913e-07 -0.1986693307950612 -0.9800665778412415: -0.3809735810592771 -0.1220767449521611
-2 2.8096086203796237e-05 -0.00013860234464116704 -0.1986693307950612 -0.9800665778412415: -0.12296484687867006 0.8556329286147725
-1 0.0001386023447816475 2.8096085510784502e-05 -0.1986693307950612 -0.9800665778412415: 8.711981235116742 -1.6486669004334924
-16 6.151341575049588e-05 -0.00012734245043467102 -0.1986693307950612 -0.9800665778412415: 0.013660074949084113 0.04229681086564788
-15 0.0001014494712801052 9.852920773550914e-05 -0.1986693307950612 -0.9800665778412415: 0.04168847243021315 -0.023364657382406624
-14 0.0028096086203796234 -0.013860234464116706 -0.1986693307950612 -0.9800665778412415: -0.03364025408314908 -0.03921090725385417
-13 0.01386023447816475 0.0028096085510784506 -0.1986693307950612 -0.9800665778412415: -0.03464559162251938 0.04429809121906127
-12 0.006151341575049588 -0.012734245043467103 -0.1986693307950612 -0.9800665778412415: 0.05508362063764022 0.027704121469980837
-11 0.010144947128010518 0.009852920773550914 -0.1986693307950612 -0.9800665778412415: 0.018132884447648247 -0.06579869476352915
-10 0.028096086203796236 -0.13860234464116705 -0.1986693307950612 -0.9800665778412415: -0.07519374987293838 -0.00541668395518345
-9 0.13860234478164749 0.02809608551078451 -0.1986693307950612 -0.9800665778412415: 0.01086291407467431 0.08720103627747905
-8 0.06151341575049589 -0.12734245043467102 -0.1986693307950612 -0.9800665778412415: 0.0936565994202391 -0.03170197722970261
-7 0.10144947128010519 0.09852920773550913 -0.1986693307950612 -0.9800665778412415: -0.05700426148670244 -0.10459296415366383
-6 0.08884762574042986 -0.43829909810572104 -0.1986693307950612 -0.9800665778412415: -0.09523455985883732 0.08115604411310325
-5 0.4382990985499592 0.08884762354893436 -0.1986693307950612 -0.9800665778412415: 0.18515048572675305 0.14076233845167258
-4 0.19452250042844288 -0.40269218620065933 -0.1986693307950612 -0.9800665778412415: 0.0007540536023366688 -0.1743727714848472
-3 0.32081139666497027 0.31157671249609004 -0.1986693307950612 -0.9800665778412415: -0.29833257584791756 -0.24103131801651817
-2 0.19866933079506122 -0.9800665778412416 -0.1986693307950612 -0.9800665778412415: -0.7646306891945324 2.9689217683319185
-1 0.9800665788345883 0.19866932589472833 -0.1986693307950612 -0.9800665778412415: -0.6418458200509075 -1.3180845833154786
-16 0.4349655341112301 -0.900447102352677 -0.1986693307950612 -0.9800665778412415: 0.014877668693206161 0.02225888600700313
-15 0.7173560908995227 0.6967067093471655 -0.1986693307950612 -0.9800665778412415: 0.060634335661497105 0.001736891121406876
-14 0.28096086203796233 -1.3860234464116705 -0.1986693307950612 -0.9800665778412415: -0.011354443558444501 -0.013659400802877402
-13 1.3860234478164748 0.28096085510784513 -0.1986693307950612 -0.9800665778412415: -0.1229121918706888 0.15736428495246943
-12 0.6151341575049587 -1.2734245043467103 -0.1986693307950612 -0.9800665778412415: 0.03211430674075223 0.0010872821982742633
-11 1.0144947128010517 0.9852920773550915 -0.1986693307950612 -0.9800665778412415: 0.10790777479745613 -0.013383134230711542
-10 0.48663848798810067 -2.4006630296667324 -0.1986693307950612 -0.9800665778412415: -10.197978407797072 -3.51009350510114
-9 2.400663032099925 0.48663847598478543 -0.1986693307950612 -0.9800665778412415: 4.432764876789153 1.4172392278601549
-8 1.0654436142696648 -2.205635941131717 -0.1986693307950612 -0.9800665778412415: 3.999994208460798 -15.045642129130954
-7 1.7571563865814182 1.7065759382741026 -0.1986693307950612 -0.9800665778412415: -0.026048343484044178 0.285004742695955
-6 0.8884762574042986 -4.38299098105721 -0.1986693307950612 -0.9800665778412415: -968.8779576886919 124.02749315617245
-5 4.382990985499592 0.8884762354893435 -0.1986693307950612 -0.9800665778412415: -841.3713836626775 -539.7957705229857
-4 1.9452250042844283 -4.026921862006593 -0.1986693307950612 -0.9800665778412415: -147.90570697212092 -205.09043949823388
-3 3.208113966649702 3.1157671249609002 -0.1986693307950612 -0.9800665778412415: -0.305284663359508 2.0508589394393946
-2 4.179286842157662e-07 1.351049819551329e-06 0.29552020666133955 -0.9553364891256061: 0.18745984255066345 0.8547646774432073
-1 1.3510498174616853e-06 -4.1792869097101543e-07 0.29552020666133955 -0.9553364891256061: 13.33246557470047 -1.455596002251954
-16 7.068121901873396e-08 1.4124461636742216e-06 0.29552020666133955 -0.9553364891256061: 0.04152197519736072 0.020581846797894664
-15 1.3626770539526035e-06 3.783004713598078e-07 0.29552020666133955 -0.9553364891256061: 0.034239611143742174 -0.03617157735283715
-14 4.179286842157662e-05 0.0001351049819551329 0.29552020666133955 -0.9553364891256061: -0.026528094188114144 -0.046835359477855394
-13 0.00013510498174616853 -4.179286909710154e-05 0.29552020666133955 -0.9553364891256061: -0.05715724671709656 0.012676539249236445
-12 7.068121901873395e-06 0.00014124461636742217 0.29552020666133955 -0.9553364891256061: -0.005025323749033952 0.06396749864952243
-11 0.00013626770539526038 3.7830047135980776e-05 0.29552020666133955 -0.9553364891256061: 0.06604535453621767 0.025957613719523313
-10 0.004179286842157663 0.013510498195513289 0.29552020666133955 -0.9553364891256061: 0.049260823048196976 -0.0621987080612356
-9 0.013510498174616855 -0.0041792869097101535 0.29552020666133955 -0.9553364891256061: -0.051287370237042905 -0.07392297605091872
-8 0.0007068121901873394 0.014124461636742216 0.29552020666133955 -0.9553364891256061: -0.09871105036090749 0.031996634026039104
-7 0.013626770539526037 0.0037830047135980786 0.29552020666133955 -0.9553364891256061: 0.0026729531289392465 0.12248567045710364
-6 0.041792868421576625 0.13510498195513287 0.29552020666133955 -0.9553364891256061: 0.14145228511178554 0.038786217801192346
-5 0.13510498174616856 -0.04179286909710154 0.29552020666133955 -0.9553364891256061: 0.10182282018805283 -0.16575960122218633
-4 0.007068121901873394 0.14124461636742217 0.29552020666133955 -0.9553364891256061: -0.1732129318503856 -0.18576974389713677
-3 0.13626770539526037 0.03783004713598079 0.29552020666133955 -0.9553364891256061: -0.37844292763869497 0.16297368551896624
-2 0.1321606541639083 0.42723946621416875 0.29552020666133955 -0.9553364891256061: 0.07397710130310964 0.43384999761492427
-1 0.42723946555336545 -0.13216065630010562 0.29552020666133955 -0.9553364891256061: 0.6079483630048569 -1.359599573709291
-16 0.022351363989641066 0.4466546949577521 0.29552020666133955 -0.9553364891256061: 0.03845822682331147 0.01649295062561635
-15 0.430916320573838 0.1196291129412288 0.29552020666133955 -0.9553364891256061: 0.03981769513098816 -0.03395122693139556
-14 0.29552020666133955 0.955336489125606 0.29552020666133955 -0.9553364891256061: -0.014617867790665599 -0.026007185535389634
-13 0.9553364876480049 -0.29552021143802204 0.29552020666133955 -0.9553364891256061: -0.10573105749801058 0.024078163288989592
-12 0.049979169270678345 0.9987502603949663 0.29552020666133955 -0.9553364891256061: 0.007668406305172258 0.036637386948248765
-11 0.963558185417193 0.2674988286245874 0.29552020666133955 -0.9553364891256061: 0.052813425771336596 0.07513188194638612
-10 0.41792868421576623 1.3510498195513287 0.29552020666133955 -0.9553364891256061: 0.01428570821614451 -0.017624846559544882
-9 1.3510498174616854 -0.4179286909710154 0.29552020666133955 -0.9553364891256061: -0.27495361676744445 -0.2749987701107166
-8 0.07068121901873393 1.4124461636742216 0.29552020666133955 -0.9553364891256061: -0.01950373578109137 0.024858882545010348
-7 1.3626770539526036 0.3783004713598079 0.29552020666133955 -0.9553364891256061: -0.18725825671356913 0.035874853294794215
-6 0.7238737150021162 2.3400869310196653 0.29552020666133955 -0.9553364891256061: 0.002746443921712044 0.0008917702340427581
-5 2.3400869274002964 -0.723873726702551 0.29552020666133955 -0.9553364891256061: -4.512828293565792 -0.5643445607569798
-4 0.12242346248135076 2.446428518439498 0.29552020666133955 -0.9553364891256061: -0.0032742293351874863 0.003783597859270151
-3 2.3602258917541854 0.6552356369224421 0.29552020666133955 -0.9553364891256061: 0.30048889641435783 0.2706003934114911
-2 1.3216065416390828 4.2723946621416875 0.29552020666133955 -0.9553364891256061: 5.398746247572077e-08 1.3607949385009508e-06
-1 4.272394655533655 -1.321606563001056 0.29552020666133955 -0.9553364891256061: -733.4092044627164 -244.23341054164902
-16 0.22351363989641065 4.466546949577521 0.29552020666133955 -0.9553364891256061: -3.2172896336064917e-07 2.9446535385447745e-06
-15 4.30916320573838 1.1962911294122882 0.29552020666133955 -0.9553364891256061: -2.1148706562128314 -0.29006010363229023
-14 0.0 2.121320343559643e-06 -0.0 -0.6666666666666666: 0.0 5.698600882658927
-13 2.121320343559643e-06 1e-100 -0.0 -0.6666666666666666: 4.164836085245775 2.830624881492799e-73
-12 2.121320343559643e-06 -1.0606601783230306e-14 -0.0 -0.6666666666666666: -3.887915772208273e-20 -3.070931518240271
-11 5.248230518438205e-07 -2.05537363130243e-06 -0.0 -0.6666666666666666: -2.2885933297170693 1.4305118520024885e-12
-10 1.7850295185881579e-06 1.1461542731102693e-06 -0.0 -0.6666666666666666: -2.1262812571956676e-12 1.727962554764738
-9 0.0 0.00021213203435596428 -0.0 -0.6666666666666666: 1.3261351035942666 0.0
-8 0.00021213203435596428 1e-100 -0.0 -0.6666666666666666: 2.3073550965711157e-28 -1.0392792045235
-7 0.00021213203435596428 -1.0606601783230306e-12 -0.0 -0.6666666666666666: -0.8373549528615173 1.3955108535047436e-16
-6 5.248230518438204e-05 -0.00020553736313024305 -0.0 -0.6666666666666666: 6.460104945435824e-09 0.7009217607259026
-5 0.0001785029518588158 0.00011461542731102693 -0.0 -0.6666666666666666: 0.6202270200504961 1.381706651063484e-08
-4 0.0 0.021213203435596427 -0.0 -0.6666666666666666: 0.0 -0.5986342548677098
-3 0.021213203435596427 1e-100 -0.0 -0.6666666666666666: -0.6763329122621509 -0.00035340929351059463
-2 0.021213203435596427 -1.0606601783230307e-10 -0.0 -0.6666666666666666: -0.026584813800795176 1.0855603131085996
-1 0.005248230518438205 -0.020553736313024304 -0.0 -0.6666666666666666: 3.8802711480339687 -0.24975369397175
-16 0.01785029518588158 0.011461542731102692 -0.0 -0.6666666666666666: 0.0011659465293776701 -10.89864191080498
-15 0.0 0.21213203435596426 -0.0 -0.6666666666666666: -7.762432275582146 0.0
-14 0.21213203435596426 1e-100 -0.0 -0.6666666666666666: -1.631255289273449e-14 5.7681362128683284
-13 0.21213203435596426 -1.060660178323031e-09 -0.0 -0.6666666666666666: 4.216666709434383 -5.219776260203616e-10
-12 0.052482305184382044 -0.20553736313024304 -0.0 -0.6666666666666666: -0.018419618851284455 -3.0369538868681696
-11 0.1785029518588158 0.11461542731102693 -0.0 -0.6666666666666666: -2.300870660962314 -0.027291725485673598
-10 0.0 0.6708203932499369 -0.0 -0.6666666666666666: 0.0 1.5108149445651649
-9 0.6708203932499369 1e-100 -0.0 -0.6666666666666666: 1.5316730402323104 0.00016400182511300216
-8 0.6708203932499369 -3.3541019869411293e-09 -0.0 -0.6666666666666666: 0.0007115920549577726 -1.214069874348119
-7 0.16596362123871047 -0.6499662117566835 -0.0 -0.6666666666666666: -0.7235057888775094 0.05513746679120832
-6 0.5644758969372449 0.3624458052963132 -0.0 -0.6666666666666666: -0.13333232715188686 0.7379071486688943
-5 0.0 1.5 -0.0 -0.6666666666666666: 0.2481344803341652 0.0
-4 1.5 1e-100 -0.0 -0.6666666666666666: 1.1171906662857924 -1.0859663584710384
-3 1.5 -7.500000046267478e-09 -0.0 -0.6666666666666666: -0.526556444594139 1.3146069176291133
-2 0.3711059388817844 -1.4533686325659672 -0.0 -0.6666666666666666: -1.963365662335622 4.871752627663765
-1 1.2622064772118449 0.8104534588022094 -0.0 -0.6666666666666666: -0.15839207191002722 0.39761776940980703
-16 0.0 2.1213203435596424 -0.0 -0.6666666666666666: 0.0 -3.420100643706453
-15 2.1213203435596424 1e-100 -0.0 -0.6666666666666666: -26.874335945096096 -0.07896015715078619
-14 2.1213203435596424 -1.0606601783230308e-08 -0.0 -0.6666666666666666: -0.14042395120359666 20.117825496986175
-13 0.5248230518438204 -2.0553736313024302 -0.0 -0.6666666666666666: 1.2108996328467188 -0.771987850781908
-12 1.785029518588158 1.146154273110269 -0.0 -0.6666666666666666: 4.568391414212153 -1.9081064946379194
-11 0.0 3.6742346141747673 -0.0 -0.6666666666666666: -0.06273173925959222 0.0
-10 3.6742346141747673 1e-100 -0.0 -0.6666666666666666: -84.8109906478519 39.69732912364496
-9 3.6742346141747673 -1.8371173184205547e-08 -0.0 -0.6666666666666666: 14.496745231168076 -66.2125603477058
-8 0.9090201907768518 -3.56001155795315 -0.0 -0.6666666666666666: -355.7199015175584 -195.41002392648295
-7 3.0917618192049026 1.9851974343391614 -0.0 -0.6666666666666666: 1.4012632844316706 1.2722073090239312
-6 0.0 6.708203932499369 -0.0 -0.6666666666666666: 0.0 4.558728878007982e-06
-5 6.708203932499369 1e-100 -0.0 -0.6666666666666666: -2237.592027572525 -22.16211793621359
-4 6.708203932499369 -3.354101986941129e-08 -0.0 -0.6666666666666666: -7.14256958975064 1388.4604103601753
-3 1.6596362123871045 -6.499662117566834 -0.0 -0.6666666666666666: -2.700515907561195e-06 -4.47842621462139e-06
-2 5.6447589693724485 3.6244580529631323 -0.0 -0.6666666666666666: 1.5958878145922961 0.10401199342234813
-1 2.1213203435596423e-14 -2.121320343559643e-06 -6.666666666666667e-09 -0.6666666666666665: 13.09010201153205 -6.753475326110723e-09
-16 2.121320343559643e-06 1.060660165236612e-14 -6.666666666666667e-09 -0.6666666666666665: 1.4216333195344767e-06 -10.898108384316261
-15 5.248230723975568e-07 -2.0553736260541996e-06 -6.666666666666667e-09 -0.6666666666666665: -7.855564295977666 -9.47751053714526e-07
-14 1.785029507126615e-06 1.1461542909605645e-06 -6.666666666666667e-09 -0.6666666666666665: -6.318433137816306e-07 5.698600882668685
-13 2.1213203435596423e-12 -0.00021213203435596428 -6.666666666666667e-09 -0.6666666666666665: 4.16483603374726 4.212246820269018e-07
-12 0.00021213203435596428 1.0606601652366123e-12 -6.666666666666667e-09 -0.6666666666666665: 2.8081646137629997e-07 -3.070931557115532
-11 5.248230723975567e-05 -0.00020553736260542002 -6.666666666666667e-09 -0.6666666666666665: -2.28859330353434 -1.7290585161123654e-07
-10 0.00017850295071266154 0.00011461542909605644 -6.666666666666667e-09 -0.6666666666666665: -1.460701281665942e-07 1.727962564494847
-9 2.1213203435596427e-10 -0.021213203435596427 -6.666666666666667e-09 -0.6666666666666665: 1.3259467332717119 8.319278895662201e-08
-8 0.021213203435596427 1.0606601652366123e-10 -6.666666666666667e-09 -0.6666666666666665: 5.547706538437573e-08 -1.0394369113126583
-7 0.005248230723975569 -0.020553736260541997 -6.666666666666667e-09 -0.6666666666666665: -0.8372324805521028 6.685300085108699e-05
-6 0.01785029507126615 0.011461542909605646 -6.666666666666667e-09 -0.6666666666666665: -0.00012257002145602995 0.7009778289309471
-5 2.121320343559643e-09 -0.21213203435596426 -6.666666666666667e-09 -0.6666666666666665: 0.6056237441029422 1.5989289498194685e-08
-4 0.21213203435596428 1.060660165236612e-09 -6.666666666666667e-09 -0.6666666666666665: 0.0039701151921007925 -0.6229774367742139
-3 0.05248230723975567 -0.20553736260542 -6.666666666666667e-09 -0.6666666666666665: -0.6314057180590668 0.017770379910264332
-2 0.17850295071266153 0.11461542909605645 -6.666666666666667e-09 -0.6666666666666665: -0.19743066820556202 0.9319168833354038
-1 6.70820393249937e-09 -0.6708203932499369 -6.666666666666667e-09 -0.6666666666666665: 0.6087725259261264 -4.434808035310381e-09
-16 0.670820393249937 3.354101945558241e-09 -6.666666666666667e-09 -0.6666666666666665: 1.5871568153145908e-06 -12.261421429713172
-15 0.1659636277383726 -0.6499662100970472 -6.666666666666667e-09 -0.6666666666666665: -7.0642788541591335 0.4029484286044871
-14 0.5644758933127868 0.3624458109410722 -6.666666666666667e-09 -0.6666666666666665: -0.6607634756045916 5.955648926425146
-13 1.5000000000000002e-08 -1.5 -6.666666666666667e-09 -0.6666666666666665: 2.264658899330924 2.2824225107643665e-07
-12 1.5000000000000002 7.499999953732524e-09 -6.666666666666667e-09 -0.6666666666666665: 0.009560027399500284 -5.891676044904899
-11 0.3711059534154707 -1.453368628854908 -6.666666666666667e-09 -0.6666666666666665: -1.2455120649549931 0.38568412491050397
-10 1.26220646910731 0.8104534714242744 -6.666666666666667e-09 -0.6666666666666665: -1.3145149584792861 1.8083739834011627
-9 2.1213203435596432e-08 -2.1213203435596424 -6.666666666666667e-09 -0.6666666666666665: 0.3531306820800269 2.1703796248801414e-08
-8 2.121320343559643 1.060660165236612e-08 -6.666666666666667e-09 -0.6666666666666665: 1.7862321831767822 -4.980710640431615
-7 0.5248230723975567 -2.0553736260542 -6.666666666666667e-09 -0.6666666666666665: -0.18340648011314192 0.1373821156520797
-6 1.785029507126615 1.1461542909605644 -6.666666666666667e-09 -0.6666666666666665: -0.9614753738795037 -0.014782298837488602
-5 3.674234614174768e-08 -3.6742346141747673 -6.666666666666667e-09 -0.6666666666666665: 0.00868396667053845 1.8280346834014912e-10
-4 3.6742346141747677 1.8371172957542128e-08 -6.666666666666667e-09 -0.6666666666666665: 3.3305898308055815 7.965437510094395
-3 0.9090202263769674 -3.5600115488629482 -6.666666666666667e-09 -0.6666666666666665: 0.0017904397791001 0.006690403353083556
-2 3.0917617993529287 1.9851974652567796 -6.666666666666667e-09 -0.6666666666666665: 0.30669710339154543 -0.04674369027573693
-1 6.708203932499369e-08 -6.708203932499369 -6.666666666666667e-09 -0.6666666666666665: 7.394463119438598e-07 -1.5237016225117338e-14
-16 6.708203932499369 3.3541019455582406e-08 -6.666666666666667e-09 -0.6666666666666665: 368750.17896606086 432213.4366225519
-15 1.6596362773837257 -6.499662100970472 -6.666666666666667e-09 -0.6666666666666665: -0.00017310187590210898 -0.00042044805410601066
-14 5.644758933127868 3.6244581094107216 -6.666666666666667e-09 -0.6666666666666665: 177.3801301249294 -107.15611079634297
-13 4.2144129305694356e-07 -2.079035169617506e-06 -0.1324462205300408 -0.6533777185608277: -1.993405427389871 4.011283333738247
-12 2.0790351717247126e-06 4.2144128266176756e-07 -0.1324462205300408 -0.6533777185608277: 3.181170576829152 0.8702870542289324
-11 9.227012362574383e-07 -1.9101367565200656e-06 -0.1324462205300408 -0.6533777185608277: 0.18114808856091588 -2.4470181966590916
-10 1.5217420692015778e-06 1.477938116032637e-06 -0.1324462205300408 -0.6533777185608277: -1.836051541319163 0.21758690977035505
-9 4.214412930569435e-05 -0.00020790351696175062 -0.1324462205300408 -0.6533777185608277: 0.4292805939658072 1.348824408586602
-8 0.00020790351717247125 4.214412826617676e-05 -0.1324462205300408 -0.6533777185608277: 0.9726734249417338 -0.5264113407889511
-7 9.227012362574383e-05 -0.00019101367565200656 -0.1324462205300408 -0.6533777185608277: -0.5588904220867382 -0.689770221907954
-6 0.0001521742069201578 0.00014779381160326372 -0.1324462205300408 -0.6533777185608277: -0.48163674318545024 0.5612852599936914
-5 0.004214412930569436 -0.02079035169617506 -0.1324462205300408 -0.6533777185608277: 0.5595549488898864 0.33133974078957407
-4 0.020790351717247125 0.004214412826617676 -0.1324462205300408 -0.6533777185608277: 0.22500830441997868 -0.5812445726774816
-3 0.009227012362574383 -0.019101367565200655 -0.1324462205300408 -0.6533777185608277: -0.6780219801321603 -0.14979213430271437
-2 0.01521742069201578 0.014779381160326371 -0.1324462205300408 -0.6533777185608277: -0.11815073768426342 1.0796782875623763
-1 0.042144129305694354 -0.2079035169617506 -0.1324462205300408 -0.6533777185608277: 1.621134934936882 -0.12603149559923424
-16 0.20790351717247124 0.042144128266176764 -0.1324462205300408 -0.6533777185608277: 5.939748127287851 10.308823856283505
-15 0.09227012362574384 -0.19101367565200655 -0.1324462205300408 -0.6533777185608277: 6.273987298445101 -5.556086258252216
-14 0.15217420692015782 0.1477938116032637 -0.1324462205300408 -0.6533777185608277: -4.844092940326214 -3.815969231709731
-13 0.13327143861064478 -0.6574486471585816 -0.1324462205300408 -0.6533777185608277: -1.7575797520580627 3.5502132499143992
-12 0.657448647824939 0.1332714353234015 -0.1324462205300408 -0.6533777185608277: 3.6088377950984234 0.9949418361880564
-11 0.2917837506426643 -0.604038279300989 -0.1324462205300408 -0.6533777185608277: 0.022502344180201177 -2.1925940205614682
-10 0.4812170949974554 0.467365068744135 -0.1324462205300408 -0.6533777185608277: -1.9483766598873644 -0.01218405495773688
-9 0.2980039961925918 -1.4700998667618626 -0.1324462205300408 -0.6533777185608277: 0.2282649538903546 0.6825190058912389
-8 1.4700998682518824 0.2980039888420925 -0.1324462205300408 -0.6533777185608277: 2.291038816390266 -0.9434603449153905
-7 0.6524483011668453 -1.3506706535290156 -0.1324462205300408 -0.6533777185608277: -0.3958071101830425 -0.2294703357237472
-6 1.0760341363492842 1.0450600640207481 -0.1324462205300408 -0.6533777185608277: -0.8811407921411253 0.025644761753351245
-5 0.4214412930569435 -2.079035169617506 -0.1324462205300408 -0.6533777185608277: 0.11117821232480937 0.05636203595773729
-4 2.0790351717247124 0.42144128266176767 -0.1324462205300408 -0.6533777185608277: 2.1579343999583585 0.33377913757209304
-3 0.9227012362574383 -1.9101367565200655 -0.1324462205300408 -0.6533777185608277: -0.07299250798404229 0.0585840817499162
-2 1.521742069201578 1.477938116032637 -0.1324462205300408 -0.6533777185608277: -0.268268611301658 -0.21148497562817992
-1 0.7299577319821509 -3.6009945445000993 -0.1324462205300408 -0.6533777185608277: 0.002657180805301637 -0.0009641386319016804
-16 3.6009945481498877 0.7299577139771781 -0.1324462205300408 -0.6533777185608277: 119.20903360002274 497.3987653450316
-15 1.5981654214044976 -3.3084539116975753 -0.1324462205300408 -0.6533777185608277: -0.2858584489820316 -0.29258444851621784
-14 2.6357345798721274 2.5598639074111538 -0.1324462205300408 -0.6533777185608277: 13.964758394389243 15.721896903245518
-13 1.3327143861064474 -6.574486471585817 -0.1324462205300408 -0.6533777185608277: -2.696026046790921e-05 6.096043182705514e-05
-12 6.574486478249389 1.3327143532340149 -0.1324462205300408 -0.6533777185608277: -79519.2838460376 12474.889922455617
-11 2.917837506426643 -6.040382793009891 -0.1324462205300408 -0.6533777185608277: 0.00010172862625724051 -4.4343142378874755e-05
-10 4.812170949974554 4.67365068744135 -0.1324462205300408 -0.6533777185608277: 23.569341701837853 37.70132645316788
-9 6.268930263236494e-07 2.026574729326993e-06 0.1970134711075597 -0.6368909927504041: -0.5081512908087921 -1.446489404693795
-8 2.0265747261925283e-06 -6.268930364565231e-07 0.1970134711075597 -0.6368909927504041: -1.191925269811166 0.06554501280504892
-7 1.0602182852810082e-07 2.1186692455113325e-06 0.1970134711075597 -0.6368909927504041: -0.21158694925042257 0.9302520289090782
-6 2.0440155809289055e-06 5.674507070397119e-07 0.1970134711075597 -0.6368909927504041: 0.6950517001051693 0.3762588178054849
-5 6.268930263236492e-05 0.00020265747293269934 0.1970134711075597 -0.6368909927504041: 0.4753396510693506 -0.5002332039481414
-4 0.00020265747261925284 -6.26893036456523e-05 0.1970134711075597 -0.6368909927504041: -0.3480169822531965 -0.554465931382295
-3 1.0602182852810082e-05 0.00021186692455113322 0.1970134711075597 -0.6368909927504041: -0.6819319923593421 0.2344619560566706
-2 0.00020440155809289058 5.674507070397118e-05 0.1970134711075597 -0.6368909927504041: 0.15276887391275085 1.1141198188206114
-1 0.006268930263236494 0.020265747293269933 0.1970134711075597 -0.6368909927504041: 3.91424860791501 0.2030507814183232
-16 0.02026574726192528 -0.006268930364565231 0.1970134711075597 -0.6368909927504041: 9.296001848231505 8.943139061775334
-15 0.0010602182852810073 0.021186692455113322 0.1970134711075597 -0.6368909927504041: 8.095703569083538 -4.531009222308264
-14 0.020440155809289057 0.005674507070397118 0.1970134711075597 -0.6368909927504041: -1.4412234671673154 -6.559134039311139
-13 0.06268930263236493 0.20265747293269934 0.1970134711075597 -0.6368909927504041: -4.820885299176332 -0.3704081236689555
-12 0.20265747261925282 -0.06268930364565231 0.1970134711075597 -0.6368909927504041: -1.310429672515028 3.3996394911216496
-11 0.010602182852810081 0.21186692455113323 0.1970134711075597 -0.6368909927504041: 2.0984062514860913 1.6037182333734066
-10 0.20440155809289057 0.056745070703971195 0.1970134711075597 -0.6368909927504041: 1.6537000036711687 -1.1604928976001365
-9 0.19824098124586245 0.6408591993212531 0.1970134711075597 -0.6368909927504041: -0.4360823889753394 -1.2616290018936862
-8 0.6408591983300483 -0.19824098445015842 0.1970134711075597 -0.6368909927504041: -1.3873213903700448 0.08714862160420209
-7 0.03352704598446158 0.6699820424366282 0.1970134711075597 -0.6368909927504041: -0.1295691542590202 0.8159357445959545
-6 0.646374480860757 0.1794436694118432 0.1970134711075597 -0.6368909927504041: 0.6745464196621184 0.5296382526096807
-5 0.4432803099920093 1.433004733688409 0.1970134711075597 -0.6368909927504041: 0.20736247149012266 -0.19242562637242666
-4 1.4330047314720074 -0.4432803171570331 0.1970134711075597 -0.6368909927504041: 0.2873524141216841 -1.95145009804265
-3 0.07496875390601745 1.4981253905924494 0.1970134711075597 -0.6368909927504041: -0.1653013732292363 0.12719963416532842
-2 1.4453372781257894 0.40124824293688127 0.1970134711075597 -0.6368909927504041: -0.6106353218125423 -0.003423682263865987
-1 0.6268930263236494 2.026574729326993 0.1970134711075597 -0.6368909927504041: 0.054297870955067586 0.023259043595154506
-16 2.026574726192528 -0.6268930364565232 0.1970134711075597 -0.6368909927504041: 31.328905877727586 29.09312665070972
-15 0.10602182852810084 2.1186692455113323 0.1970134711075597 -0.6368909927504041: 1.6370833972817445 -2.862415229815455
-14 2.0440155809289053 0.567450707039712 0.1970134711075597 -0.6368909927504041: 8.584663955246748 -6.897804986513643
-13 1.0858105725031744 3.510130396529498 0.1970134711075597 -0.6368909927504041: -0.14829805452266498 -0.016828001727861315
-12 3.510130391100445 -1.0858105900538264 0.1970134711075597 -0.6368909927504041: -189.71014471773682 118.87885649078038
-11 0.183635193722026 3.6696427776592473 0.1970134711075597 -0.6368909927504041: 0.06438486392358544 -0.08827282308058053
-10 3.5403388376312788 0.982853455383663 0.1970134711075597 -0.6368909927504041: -6.603122091842071 0.9834113629457503
-9 1.982409812458624 6.408591993212531 0.1970134711075597 -0.6368909927504041: -3.854737263985263e-06 -1.6117265517823865e-05
-8 6.408591983300482 -1.9824098445015845 0.1970134711075597 -0.6368909927504041: 13680.990306366804 3522.58754698257
-7 0.3352704598446157 6.699820424366282 0.1970134711075597 -0.6368909927504041: -2.6841760304129905e-05 2.9645438515902398e-06
-6 6.46374480860757 1.7944366941184322 0.1970134711075597 -0.6368909927504041: 5.629823135252343 -9.400707012125071
-5 0.0 2.82842712474619e-06 -0.0 -0.5: 1.1879883005768652 0.0
-1 0.0 2.82842712474619e-06 -0.0 -0.5: 12.86727104745654 0.0
-4 2.82842712474619e-06 1e-100 -0.0 -0.5: 9.453087204821854e-18 -0.925617446854168
-1 2.82842712474619e-06 1e-100 -0.0 -0.5: 12.867271047400935 1.570796326791755
-3 2.82842712474619e-06 -1.4142135710973744e-14 -0.0 -0.5: -0.8646647168168564 6.2831858218641474e-12
-1 2.82842712474619e-06 -1.4142135710973744e-14 -0.0 -0.5: 12.867271047400935 -1.570796321791755
-2 6.997640691250938e-07 -2.740498175069907e-06 -0.0 -0.5: -8.770266245136054e-07 1.1962914480321512
-1 6.997640691250938e-07 -2.740498175069907e-06 -0.0 -0.5: 12.867271047453377 -0.24999999998710967
-1 2.380039358117544e-06 1.5282056974803588e-06 -0.0 -0.5: 12.867271047418987 0.9999999999738873
-16 0.0 0.000282842712474619 -0.0 -0.5: 0.0 -383.21833665421184
-1 0.0 0.000282842712474619 -0.0 -0.5: 8.26210104735934 0.0
-15 0.000282842712474619 1e-100 -0.0 -0.5: -208.91776119371804 -5.106334713069004e-56
-1 0.000282842712474619 1e-100 -0.0 -0.5: 8.262100675521953 1.5707962953789703
-14 0.000282842712474619 -1.4142135710973743e-12 -0.0 -0.5: 1.425189275671404e-14 114.76038461895529
-1 0.000282842712474619 -1.4142135710973743e-12 -0.0 -0.5: 8.262100675521955 -1.5707962903789685
-13 6.997640691250939e-05 -0.0002740498175069907 -0.0 -0.5: 63.604255855814245 -3.877355658021736e-07
-12 0.00023800393581175437 0.0001528205697480359 -0.0 -0.5: 4.240211385259916e-07 -35.62973139972455
-1 0.00023800393581175437 0.0001528205697480359 -0.0 -0.5: 8.262100802257118 0.9999998226216742
-11 0.0 0.0282842712474619 -0.0 -0.5: -20.21601563734108 0.0
-10 0.0282842712474619 1e-100 -0.0 -0.5: -1.5364459213599992e-17 11.659589097713337
-9 0.0282842712474619 -1.4142135710973744e-10 -0.0 -0.5: 6.859108626586248 -1.0349931253211484e-11
-8 0.00699764069125094 -0.02740498175069907 -0.0 -0.5: -0.00032482906269328216 -4.139526640067059
-7 0.023800393581175437 0.01528205697480359 -0.0 -0.5: -2.5867863763062813 -0.00043214620848962764
-6 0.0 0.282842712474619 -0.0 -0.5: 0.0 1.6579638181959766
-5 0.282842712474619 1e-100 -0.0 -0.5: 1.2242434486489577 0.001248280397075358
-4 0.282842712474619 -1.4142135710973744e-09 -0.0 -0.5: 0.009377677799517172 -0.9724622279658304
-3 0.06997640691250938 -0.2740498175069907 -0.0 -0.5: -0.7941218782086571 0.027622973748806793
-2 0.23800393581175439 0.1528205697480359 -0.0 -0.5: -0.25322205538863146 0.9881735344083505
-1 0.0 0.8944271909999159 -0.0 -0.5: 0.4680965871689097 0.0
-16 0.8944271909999159 1e-100 -0.0 -0.5: 1.1327768097523563e-07 -432.1017906359529
-15 0.8944271909999159 -4.472135982588173e-09 -0.0 -0.5: -236.05298054932504 7.870859188133888e-07
-14 0.22128482831828059 -0.8666216156755779 -0.0 -0.5: 6.0903904396941035 102.75325359152964
-13 0.7526345292496598 0.4832610737284176 -0.0 -0.5: 66.58461682006613 7.7601685438116155
-12 0.0 2.0 -0.0 -0.5: 0.0 -18.797372080252657
-11 2.0 1e-100 -0.0 -0.5: -41.36550290667653 -0.3538503860006175
-10 2.0 -1.000000006168997e-08 -0.0 -0.5: -0.5646686591108312 25.056032578040135
-9 0.4948079185090458 -1.9378248434212897 -0.0 -0.5: 3.439314815976446 -1.1776301831198408
-8 1.682941969615793 1.0806046117362795 -0.0 -0.5: 3.692469664762547 -3.8619136824844986
-7 0.0 2.8284271247461903 -0.0 -0.5: -0.5609720298556885 0.0
-6 2.8284271247461903 1e-100 -0.0 -0.5: -8.186930090281944 5.265221485794037
-5 2.8284271247461903 -1.4142135710973742e-08 -0.0 -0.5: 1.344165501765136 -6.0259275404365065
-4 0.6997640691250938 -2.740498175069907 -0.0 -0.5: -32.10786759688564 17.27539137137473
-3 2.3800393581175436 1.528205697480359 -0.0 -0.5: 0.3348240646857736 -0.3418653325394994
-2 0.0 4.898979485566356 -0.0 -0.5: 0.0 0.002327062198116283
-1 4.898979485566356 1e-100 -0.0 -0.5: 0.18586658377972506 -0.32996053739606973
-16 4.898979485566356 -2.4494897578940735e-08 -0.0 -0.5: 6663.087608366009 -18312.752527300465
-15 1.2120269210358026 -4.746682077270867 -0.0 -0.5: 0.4816272556439874 9.549623360345269
-14 4.122349092273204 2.6469299124522148 -0.0 -0.5: 109.69998681254572 -380.31483609651394
-13 0.0 8.94427190999916 -0.0 -0.5: 0.0008499294089869302 0.0
-12 8.94427190999916 1e-100 -0.0 -0.5: 26209.518337151378 653590.0040540411
-11 8.94427190999916 -4.4721359825881726e-08 -0.0 -0.5: 285849.80617056927 -3763.3969438497884
-10 2.2128482831828062 -8.666216156755778 -0.0 -0.5: 5358736.026864566 -14171774.643399691
-9 7.526345292496598 4.832610737284176 -0.0 -0.5: -24.90871634628694 -117.15668185744524
-8 2.8284271247461897e-14 -2.8284271247461903e-06 -5e-09 -0.5: 1.7322916254255544e-07 -4.140121309697848
-7 2.82842712474619e-06 1.4142135536488158e-14 -5e-09 -0.5: -2.5865886705402428 -8.661458127156625e-08
-6 6.997640965300755e-07 -2.7404981680722667e-06 -5e-09 -0.5: -4.3305515577041094e-08 1.6941700746519972
-5 2.380039342835487e-06 1.5282057212807524e-06 -5e-09 -0.5: 1.187988300581763 2.165679026750399e-08
-4 2.8284271247461903e-12 -0.000282842712474619 -5e-09 -0.5: 1.0826821593346747e-08 -0.9256173989884082
-3 0.000282842712474619 1.4142135536488162e-12 -5e-09 -0.5: -0.8646650672474187 5.741843775503847e-08
-2 6.997640965300757e-05 -0.0002740498168072266 -5e-09 -0.5: -8.772937233012452e-05 1.1966315282048172
-1 0.0002380039342835487 0.00015282057212807524 -5e-09 -0.5: 8.262100802257121 0.999999813975026
-16 2.82842712474619e-10 -0.0282842712474619 -5e-09 -0.5: 4.434131319708011e-05 -383.1724399416011
-15 0.028284271247461905 1.4142135536488157e-10 -5e-09 -0.5: -208.9432019697466 -2.2175804699014387e-05
-14 0.006997640965300756 -0.027404981680722664 -5e-09 -0.5: 0.006820851045143885 114.74787648601871
-13 0.02380039342835487 0.015282057212807527 -5e-09 -0.5: 63.60762179524474 0.007359904929302878
-12 2.8284271247461902e-09 -0.282842712474619 -5e-09 -0.5: 2.7348931182825864e-06 -35.166708012614826
-11 0.28284271247461906 1.4142135536488156e-09 -5e-09 -0.5: -20.49516365299145 -1.4012102042690962e-06
-10 0.06997640965300757 -0.2740498168072266 -5e-09 -0.5: 0.07826375547354537 11.513332516981434
-9 0.23800393428354868 0.15282057212807526 -5e-09 -0.5: 6.9004999132173115 0.09479589852555365
-8 8.944271909999159e-09 -0.8944271909999159 -5e-09 -0.5: 1.4487076582165544e-07 -3.5166444918276536
-7 0.894427190999916 4.472135927410987e-09 -5e-09 -0.5: -3.1419745278955085 0.015933870963613365
-6 0.22128483698449675 -0.8666216134627297 -5e-09 -0.5: 0.034992495303606354 1.4362753551625367
-5 0.7526345244170491 0.4832610812547628 -5e-09 -0.5: 1.2286045249540707 0.32720638255460854
-4 2e-08 -2.0 -5e-09 -0.5: -3.6228906394661944e-07 9.493209501835409
-3 2.0 9.99999993831003e-09 -5e-09 -0.5: -0.14123509968816592 1.811834427020861
-2 0.49480793788729427 -1.9378248384732104 -5e-09 -0.5: -4.139716548870219 7.618218925363636
-1 1.682941958809747 1.0806046285656992 -5e-09 -0.5: -0.18378134501881152 0.2343315820499653
-16 2.82842712474619e-08 -2.8284271247461903 -5e-09 -0.5: 1.2145225586192541e-05 -108.93695943234079
-15 2.8284271247461903 1.4142135536488156e-08 -5e-09 -0.5: -741.3516315285236 3.962483191702967
-14 0.6997640965300755 -2.7404981680722664 -5e-09 -0.5: 25.250343719929937 16.287708258470612
-13 2.3800393428354867 1.5282057212807527 -5e-09 -0.5: 39.052733857151594 95.14785506483963
-12 4.8989794855663576e-08 -4.898979485566356 -5e-09 -0.5: -0.0028512517795807163 22523.961331905397
-11 4.898979485566357 2.4494897276722834e-08 -5e-09 -0.5: -451.68871527250195 1098.7344836543514
-10 1.2120269685026233 -4.746682065150598 -5e-09 -0.5: -4478.008670999983 -9732.85628186487
-9 4.122349065803905 2.6469299536757056 -5e-09 -0.5: -13.797119215707575 -10.965388879279946
-8 8.944271909999158e-08 -8.94427190999916 -5e-09 -0.5: -0.43159906871161996 3407032.137339653
-7 8.94427190999916 4.4721359274109867e-08 -5e-09 -0.5: 11505.267382521659 -215.9701200784612
-6 2.2128483698449672 -8.666216134627296 -5e-09 -0.5: -136851.87663423555 -390374.1882709241
-5 7.526345244170491 4.832610812547628 -5e-09 -0.5: 0.02386374844764979 -7.302547707308736
-4 5.619217240759246e-07 -2.772046892823341e-06 -0.0993346653975306 -0.49003328892062076: 0.2271694080737458 -0.9477405498456973
-3 2.77204689563295e-06 5.619217102156901e-07 -0.0993346653975306 -0.49003328892062076: -0.8872042892458731 -0.11132512560391351
-2 1.2302683150099177e-06 -2.5468490086934204e-06 -0.0993346653975306 -0.49003328892062076: -0.05377697702872691 1.213072130828077
-1 2.0289894256021037e-06 1.9705841547101826e-06 -0.0993346653975306 -0.49003328892062076: 12.878247817540052 0.825588267593513
-16 5.6192172407592475e-05 -0.0002772046892823341 -0.0993346653975306 -0.49003328892062076: 316.7452620076994 300.94643265263784
-15 0.000277204689563295 5.6192171021569004e-05 -0.0993346653975306 -0.49003328892062076: 127.78744988105991 -200.412817807392
-14 0.00012302683150099177 -0.00025468490086934205 -0.0993346653975306 -0.49003328892062076: -121.11858371226158 -47.89279166611688
-13 0.0002028989425602104 0.00019705841547101828 -0.0993346653975306 -0.49003328892062076: -13.37239380458087 70.72723904794609
-12 0.005619217240759247 -0.027720468928233412 -0.0993346653975306 -0.49003328892062076: 40.18210064050061 -0.04491586592767276
-11 0.0277204689563295 0.005619217102156901 -0.0993346653975306 -0.49003328892062076: -4.222314042807428 -22.322326729773525
-10 0.012302683150099176 -0.025468490086934206 -0.0993346653975306 -0.49003328892062076: -12.151371926492699 4.714912173256762
-9 0.020289894256021037 0.019705841547101827 -0.0993346653975306 -0.49003328892062076: 3.982538925014952 6.502760968132266
-8 0.05619217240759247 -0.2772046892823341 -0.0993346653975306 -0.49003328892062076: 3.3650964250675446 -2.985855602907101
-7 0.27720468956329497 0.05619217102156902 -0.0993346653975306 -0.49003328892062076: -2.24362016240019 -1.8106344030479826
-6 0.12302683150099178 -0.25468490086934203 -0.0993346653975306 -0.49003328892062076: -0.8727537037843505 1.5787785034291137
-5 0.20289894256021038 0.19705841547101827 -0.0993346653975306 -0.49003328892062076: 1.1802878385088036 0.4921580391830043
-4 0.1776952514808597 -0.8765981962114421 -0.0993346653975306 -0.49003328892062076: -0.24693546893385604 -0.17708593792707408
-3 0.8765981970999184 0.1776952470978687 -0.0993346653975306 -0.49003328892062076: -1.3328345852330348 0.411760807701111
-2 0.38904500085688576 -0.8053843724013187 -0.0993346653975306 -0.49003328892062076: -1.115711416644116 2.5591012266481714
-1 0.6416227933299405 0.6231534249921801 -0.0993346653975306 -0.49003328892062076: 0.3467146321751272 0.5686597366758943
-16 0.39733866159012243 -1.9601331556824833 -0.0993346653975306 -0.49003328892062076: 176.95966754492383 165.1182899509928
-15 1.9601331576691765 0.39733865178945665 -0.0993346653975306 -0.49003328892062076: 241.33134999275697 -367.2957457562545
-14 0.8699310682224602 -1.800894204705354 -0.0993346653975306 -0.49003328892062076: -76.28836104719835 -5.707364801696276
-13 1.4347121817990454 1.393413418694331 -0.0993346653975306 -0.49003328892062076: -63.60572147961493 65.22037084519009
-12 0.5619217240759247 -2.772046892823341 -0.0993346653975306 -0.49003328892062076: -10.200616065465569 -20.376891266338184
-11 2.7720468956329496 0.5619217102156903 -0.0993346653975306 -0.49003328892062076: -20.38815754127552 -101.28577270966446
-10 1.2302683150099174 -2.5468490086934206 -0.0993346653975306 -0.49003328892062076: 33.58177267210652 -11.081148459865734
-9 2.0289894256021035 1.970584154710183 -0.0993346653975306 -0.49003328892062076: -8.030104563122588 7.654761461149046
-8 0.9732769759762013 -4.801326059333465 -0.0993346653975306 -0.49003328892062076: -4836.4317894246005 -1299.4256709571391
-7 4.80132606419985 0.9732769519695709 -0.0993346653975306 -0.49003328892062076: 1.3308883928538175 155.38508867389555
-6 2.1308872285393297 -4.411271882263434 -0.0993346653975306 -0.49003328892062076: 270.18128155742625 -1342.2296698830587
-5 3.5143127731628363 3.413151876548205 -0.0993346653975306 -0.49003328892062076: -0.4233674960709897 -1.2604040706094477
-4 1.7769525148085972 -8.76598196211442 -0.0993346653975306 -0.49003328892062076: -58167.96834592647 -26754.275066574264
-3 8.765981970999183 1.776952470978687 -0.0993346653975306 -0.49003328892062076: 612.9731105261257 -289.5039847910443
-2 3.8904500085688567 -8.053843724013186 -0.0993346653975306 -0.49003328892062076: 2684.2369784310913 -2887.938897633984
-1 6.416227933299404 6.2315342499218005 -0.0993346653975306 -0.49003328892062076: -0.267791890964275 -0.3790168004234963
-16 8.358573684315324e-07 2.702099639102658e-06 0.14776010333066977 -0.47766824456280305: 192.38337625384952 475.4005603566854
-15 2.7020996349233706e-06 -8.358573819420309e-07 0.14776010333066977 -0.47766824456280305: 277.05319931280854 -26.521721788087856
-14 1.413624380374679e-07 2.824892327348443e-06 0.14776010333066977 -0.47766824456280305: 29.033907982404457 -149.28631655133748
-13 2.725354107905207e-06 7.566009427196156e-07 0.14776010333066977 -0.47766824456280305: -74.39945786654111 -38.515104862313
-12 8.358573684315325e-05 0.0002702099639102658 0.14776010333066977 -0.47766824456280305: -32.13214981023951 33.745008600755
-11 0.00027020996349233706 -8.358573819420308e-05 0.14776010333066977 -0.47766824456280305: 13.246194368045863 22.626938221988503
-10 1.413624380374679e-05 0.00028248923273484433 0.14776010333066977 -0.47766824456280305: 14.488413520035348 -3.7485581287144525
-9 0.00027253541079052076 7.566009427196155e-05 0.14776010333066977 -0.47766824456280305: 0.15963215430519928 -8.695393366027085
-8 0.008358573684315326 0.027020996391026578 0.14776010333066977 -0.47766824456280305: -4.965257530648292 -1.4461423088438006
-7 0.02702099634923371 -0.008358573819420307 0.14776010333066977 -0.47766824456280305: -1.6305239867139376 2.7221431829731593
-6 0.0014136243803746788 0.02824892327348443 0.14776010333066977 -0.47766824456280305: 1.4380168106568274 1.4337389686416953
-5 0.027253541079052073 0.007566009427196157 0.14776010333066977 -0.47766824456280305: 1.173691658057366 -0.7345203088740918
-4 0.08358573684315325 0.27020996391026575 0.14776010333066977 -0.47766824456280305: -0.33907862629720137 -0.9429554172837558
-3 0.2702099634923371 -0.08358573819420308 0.14776010333066977 -0.47766824456280305: -0.9506238561583801 0.2579345064830907
-2 0.014136243803746788 0.28248923273484433 0.14776010333066977 -0.47766824456280305: 0.06604880903755166 0.927050361346277
-1 0.27253541079052074 0.07566009427196158 0.14776010333066977 -0.47766824456280305: 1.352401055880192 1.217921139347195
-16 0.2643213083278166 0.8544789324283375 0.14776010333066977 -0.47766824456280305: 169.764484652409 422.7957828346361
-15 0.8544789311067309 -0.26432131260021124 0.14776010333066977 -0.47766824456280305: 312.47910537060955 -30.962391390994966
-14 0.04470272797928213 0.8933093899155042 0.14776010333066977 -0.47766824456280305: 18.615981801318096 -135.0951075944001
-13 0.861832641147676 0.2392582258824576 0.14776010333066977 -0.47766824456280305: -73.62551005986376 -49.29617226814204
-12 0.5910404133226791 1.910672978251212 0.14776010333066977 -0.47766824456280305: -17.544236806781388 17.583790373445996
-11 1.9106729752960099 -0.5910404228760441 0.14776010333066977 -0.47766824456280305: 28.709481843332746 43.54409305908242
-10 0.09995833854135669 1.9975005207899326 0.14776010333066977 -0.47766824456280305: 7.04165291570959 -4.156195481073971
-9 1.927116370834386 0.5349976572491748 0.14776010333066977 -0.47766824456280305: 7.638010194430491 -9.19102274330691
-8 0.8358573684315325 2.7020996391026575 0.14776010333066977 -0.47766824456280305: -1.1846035311759437 -0.46257815535204233
-7 2.702099634923371 -0.8358573819420309 0.14776010333066977 -0.47766824456280305: 2.5637421066832853 13.644698410934948
-6 0.14136243803746787 2.824892327348443 0.14776010333066977 -0.47766824456280305: 0.45084569507633915 0.11337887356894484
-5 2.7253541079052073 0.7566009427196158 0.14776010333066977 -0.47766824456280305: 0.39320629233356086 1.9754112654616889
-4 1.4477474300042323 4.6801738620393305 0.14776010333066977 -0.47766824456280305: 0.0002840574614130378 -0.009660401151990006
-3 4.680173854800593 -1.447747453405102 0.14776010333066977 -0.47766824456280305: 1.6135219710977304 0.9685778698246129
-2 0.24484692496270152 4.892857036878996 0.14776010333066977 -0.47766824456280305: 0.003960551475746626 0.001130409208792801
-1 4.720451783508371 1.3104712738448843 0.14776010333066977 -0.47766824456280305: 0.17873127128624064 -0.07081959918058876
-16 2.6432130832781655 8.544789324283375 0.14776010333066977 -0.47766824456280305: 0.0024711994908417677 0.008247275899740461
-15 8.54478931106731 -2.643213126002112 0.14776010333066977 -0.47766824456280305: -6686451.221910987 -4968930.661465885
-14 0.4470272797928213 8.933093899155041 0.14776010333066977 -0.47766824456280305: 0.0077870966819376325 -0.0007891123083533927
-13 8.61832641147676 2.3925822588245764 0.14776010333066977 -0.47766824456280305: -550.5380342486078 2900.4022832907476
-12 0.0 4.242640687119286e-06 -0.0 -0.3333333333333333: 0.0 -447.8238638080302
-11 4.242640687119286e-06 1e-100 -0.0 -0.3333333333333333: -179.67222667239344 -7.729496025070207e-58
-10 4.242640687119286e-06 -2.1213203566460612e-14 -0.0 -0.3333333333333333: 1.2644866099935322e-18 74.05358251911755
-9 1.049646103687641e-06 -4.11074726260486e-06 -0.0 -0.3333333333333333: 31.569794119887415 -2.85269600496522e-11
-8 3.5700590371763157e-06 2.2923085462205385e-06 -0.0 -0.3333333333333333: 2.7414232744874777e-11 -14.049851135459265
-7 0.0 0.00042426406871192855 -0.0 -0.3333333333333333: -6.611375263717623 0.0
-6 0.00042426406871192855 1e-100 -0.0 -0.3333333333333333: -1.1485500806197022e-18 3.3498675683422356
-5 0.00042426406871192855 -2.1213203566460613e-12 -0.0 -0.3333333333333333: 1.87780112707956 -7.251727615483439e-15
-4 0.00010496461036876408 -0.0004110747262604861 -0.0 -0.3333333333333333: -5.395412329320752e-08 -1.2166033563809293
-3 0.0003570059037176316 0.00022923085462205387 -0.0 -0.3333333333333333: -0.9888912354847937 -7.232493571635567e-07
-2 0.0 0.042426406871192854 -0.0 -0.3333333333333333: 0.0 1.197869314988326
-1 0.042426406871192854 1e-100 -0.0 -0.3333333333333333: 3.2729551130301178 1.570089547965427
-16 0.042426406871192854 -2.1213203566460613e-10 -0.0 -0.3333333333333333: -2.662686163671943e-08 -20747.116014683983
-15 0.01049646103687641 -0.04110747262604861 -0.0 -0.3333333333333333: -7784.288381839048 0.4921517488432266
-14 0.03570059037176316 0.022923085462205384 -0.0 -0.3333333333333333: -0.36650727564617036 2958.3047969659588
-13 0.0 0.4242640687119285 -0.0 -0.3333333333333333: 1124.7036892044166 0.0
-12 0.4242640687119285 1e-100 -0.0 -0.3333333333333333: 9.599004153947333e-09 -454.54599852787493
-11 0.4242640687119285 -2.121320356646062e-09 -0.0 -0.3333333333333333: -182.54051517264367 1.0567240183415976e-07
-10 0.10496461036876409 -0.4110747262604861 -0.0 -0.3333333333333333: 0.5949548059904931 72.95120908525169
-9 0.3570059037176316 0.22923085462205386 -0.0 -0.3333333333333333: 31.81232683775014 0.5467697523618116
-8 0.0 1.3416407864998738 -0.0 -0.3333333333333333: 0.0 -11.442564355987718
-7 1.3416407864998738 1e-100 -0.0 -0.3333333333333333: -8.773905433663513 -0.170323347610803
-6 1.3416407864998738 -6.708203973882259e-09 -0.0 -0.3333333333333333: -0.31877811961177005 4.809733449277804
-5 0.33192724247742095 -1.299932423513367 -0.0 -0.3333333333333333: 1.3257102169725297 -0.20729353144230422
-4 1.1289517938744897 0.7248916105926264 -0.0 -0.3333333333333333: 0.6506475094631112 -1.029417042307038
-3 0.0 3.0 -0.0 -0.3333333333333333: -0.11315570986964323 0.0
-2 3.0 1e-100 -0.0 -0.3333333333333333: -0.17686770115950892 -1.2459542693568895
-1 3.0 -1.5000000092534957e-08 -0.0 -0.3333333333333333: -0.5935490804578323 0.4084886478927171
-16 0.7422118777635688 -2.9067372651319343 -0.0 -0.3333333333333333: -3483.35040046728 -11380.74040720052
-15 2.5244129544236897 1.6209069176044189 -0.0 -0.3333333333333333: -8284.027074495923 -5791.5628896704775
-14 0.0 4.242640687119285 -0.0 -0.3333333333333333: 0.0 805.6768000044322
-13 4.242640687119285 1e-100 -0.0 -0.3333333333333333: 5624.569490750608 592.3982868845027
-12 4.242640687119285 -2.1213203566460617e-08 -0.0 -0.3333333333333333: 466.58785093061937 -2431.4470089931574
-11 1.0496461036876408 -4.1107472626048605 -0.0 -0.3333333333333333: -39.34277384286532 30.01357742624542
-10 3.570059037176316 2.292308546220538 -0.0 -0.3333333333333333: -113.43463755609841 -0.9709634387331434
-9 0.0 7.3484692283495345 -0.0 -0.3333333333333333: 0.45620603376294605 0.0
-8 7.3484692283495345 1e-100 -0.0 -0.3333333333333333: -164.89760513194776 555.373726813481
-7 7.3484692283495345 -3.6742346368411094e-08 -0.0 -0.3333333333333333: 138.66059150675338 -147.2148728419577
-6 1.8180403815537036 -7.1200231159063 -0.0 -0.3333333333333333: -35868.61521214152 -41714.5845964522
-5 6.183523638409805 3.970394868678323 -0.0 -0.3333333333333333: 0.3071110946529979 -0.7794408188523262
-4 0.0 13.416407864998739 -0.0 -0.3333333333333333: 0.0 -7.972488198011704e-07
-3 13.416407864998739 1e-100 -0.0 -0.3333333333333333: 79.09647492835762 -0.4245773000096318
-2 13.416407864998739 -6.708203973882258e-08 -0.0 -0.3333333333333333: -0.9416237267347074 -26.023295309842414
-1 3.319272424774209 -12.999324235133669 -0.0 -0.3333333333333333: 7.61308263178194e-08 8.626581388137754e-08
-16 11.289517938744897 7.248916105926265 -0.0 -0.3333333333333333: -533348.7842741678 178820.3303596348
-15 4.2426406871192846e-14 -4.242640687119286e-06 -3.3333333333333334e-09 -0.33333333333333326: -7785.1893323227705 -0.0005313398606344665
-14 4.242640687119286e-06 2.121320330473224e-14 -3.3333333333333334e-09 -0.33333333333333326: -0.00017711328687861847 2958.137092139682
-13 1.0496461447951136e-06 -4.110747252108399e-06 -3.3333333333333334e-09 -0.33333333333333326: 1140.7471301330036 5.903698703763376e-05
-12 3.57005901425323e-06 2.292308581921129e-06 -3.3333333333333334e-09 -0.33333333333333326: 1.9679860128202138e-05 -447.82386380897407
-11 4.242640687119285e-12 -0.00042426406871192855 -3.3333333333333334e-09 -0.33333333333333326: -179.6722238308279 -6.559751243443562e-06
-10 0.00042426406871192855 2.1213203304732246e-12 -3.3333333333333334e-09 -0.33333333333333326: -2.1865838231329387e-06 74.05358378347775
-9 0.00010496461447951133 -0.00041107472521084004 -3.3333333333333334e-09 -0.33333333333333326: 31.569793597757158 4.435916519363728e-07
-8 0.0003570059014253231 0.00022923085819211289 -3.3333333333333334e-09 -0.33333333333333326: 5.17096088988995e-07 -14.04985126091002
-7 4.2426406871192854e-10 -0.042426406871192854 -3.3333333333333334e-09 -0.33333333333333326: -6.609685811776961 -8.094270228222177e-08
-6 0.042426406871192854 2.1213203304732246e-10 -3.3333333333333334e-09 -0.33333333333333326: -3.849254508039809e-08 3.3509629080270593
-5 0.010496461447951138 -0.041107472521083994 -3.3333333333333334e-09 -0.33333333333333326: 1.8770209539061196 -0.0004253634204468898
-4 0.0357005901425323 0.022923085819211292 -3.3333333333333334e-09 -0.33333333333333326: 0.0010180246222632786 -1.2170403428079362
-3 4.242640687119286e-09 -0.4242640687119285 -3.3333333333333334e-09 -0.33333333333333326: -0.8518416347174353 9.223902143915732e-10
-2 0.42426406871192857 2.121320330473224e-09 -3.3333333333333334e-09 -0.33333333333333326: -0.5159270248583401 1.138785162450559
-1 0.10496461447951135 -0.41107472521084 -3.3333333333333334e-09 -0.33333333333333326: 1.0564087289129263 -0.21630334344264682
-16 0.35700590142532307 0.2292308581921129 -3.3333333333333334e-09 -0.33333333333333326: 243.45603336366975 -20854.051086539737
-15 1.341640786499874e-08 -1.3416407864998738 -3.3333333333333334e-09 -0.33333333333333326: -6827.620549939783 -0.00046293689284897943
-14 1.341640786499874 6.708203891116482e-09 -3.3333333333333334e-09 -0.33333333333333326: -0.0005989118209368618 3392.975698990798
-13 0.3319272554767452 -1.2999324201940945 -3.3333333333333334e-09 -0.33333333333333326: 1005.6707189155953 -67.52383541367129
-12 1.1289517866255736 0.7248916218821444 -3.3333333333333334e-09 -0.33333333333333326: 64.76195991142987 -471.44889111284397
-11 3.0000000000000004e-08 -3.0 -3.3333333333333334e-09 -0.33333333333333326: -85.10827323614453 -2.762996539851643e-06
-10 3.0000000000000004 1.4999999907465047e-08 -3.3333333333333334e-09 -0.33333333333333326: -17.100700688012793 195.99659462069388
-9 0.7422119068309414 -2.906737257709816 -3.3333333333333334e-09 -0.33333333333333326: 13.6636749903653 -5.477528012221253
-8 2.52441293821462 1.6209069428485487 -3.3333333333333334e-09 -0.33333333333333326: 14.987878592408007 -9.792025013941771
-7 4.2426406871192864e-08 -4.242640687119285 -3.3333333333333334e-09 -0.33333333333333326: -1.0217375807748938 2.4589244957149838e-09
-6 4.242640687119286 2.121320330473224e-08 -3.3333333333333334e-09 -0.33333333333333326: -23.984269489980722 -6.640708304724259
-5 1.0496461447951133 -4.1107472521084 -3.3333333333333334e-09 -0.33333333333333326: 0.13555019932676748 -0.16002919467380441
-4 3.57005901425323 2.292308581921129 -3.3333333333333334e-09 -0.33333333333333326: 0.20243018574463503 0.6043967169664142
-3 7.348469228349536e-08 -7.3484692283495345 -3.3333333333333334e-09 -0.33333333333333326: -0.0013296668271249364 6.281582903494797e-11
-2 7.348469228349535 3.6742345915084256e-08 -3.3333333333333334e-09 -0.33333333333333326: -1.0965576589626198 0.5611925945225643
-1 1.8180404527539349 -7.1200230977258965 -3.3333333333333334e-09 -0.33333333333333326: -0.00017535385187281502 -0.00024010954023080157
-16 6.183523598705857 3.9703949305135593 -3.3333333333333334e-09 -0.33333333333333326: -27209.455340758017 64215.694455620236
-15 1.3416407864998738e-07 -13.416407864998739 -3.3333333333333334e-09 -0.33333333333333326: -0.0891394581254133 -4.9773428158420735e-09
-14 13.416407864998739 6.708203891116481e-08 -3.3333333333333334e-09 -0.33333333333333326: 5024814.9827408055 -20005897.304599874
-13 3.3192725547674513 -12.999324201940944 -3.3333333333333334e-09 -0.33333333333333326: 0.01702696833244383 0.032792007489362465
-12 11.289517866255736 7.248916218821443 -3.3333333333333334e-09 -0.33333333333333326: -6920.4058564138995 717.7352072317717
-11 8.428825861138871e-07 -4.158070339235012e-06 -0.0662231102650204 -0.32668885928041386: -162.00336126098748 -147.1971387852625
-10 4.158070343449425e-06 8.428825653235351e-07 -0.0662231102650204 -0.32668885928041386: -49.53487527840216 73.38952239607443
-9 1.8454024725148766e-06 -3.820273513040131e-06 -0.0662231102650204 -0.32668885928041386: 33.09634801351426 16.426853866219986
-8 3.0434841384031555e-06 2.955876232065274e-06 -0.0662231102650204 -0.32668885928041386: 5.367627536231747 -15.131048717674478
-7 8.42882586113887e-05 -0.00041580703392350124 -0.0662231102650204 -0.32668885928041386: -7.155116075560733 -1.7275128275356315
-6 0.0004158070343449425 8.428825653235352e-05 -0.0662231102650204 -0.32668885928041386: -0.5472103512200966 3.588478384817931
-5 0.00018454024725148767 -0.0003820273513040131 -0.0662231102650204 -0.32668885928041386: 1.97481980063622 0.17040754967267982
-4 0.0003043484138403156 0.00029558762320652744 -0.0662231102650204 -0.32668885928041386: 0.05208390134231985 -1.2541088424960893
-3 0.008428825861138871 -0.04158070339235012 -0.0662231102650204 -0.32668885928041386: -0.9996608161283778 -0.014426921643746782
-2 0.04158070343449425 0.008428825653235352 -0.0662231102650204 -0.32668885928041386: -0.05621259779482039 1.2433905401696141
-1 0.018454024725148767 -0.03820273513040131 -0.0662231102650204 -0.32668885928041386: 3.2780176765736924 -0.4473290441116852
-16 0.03043484138403156 0.029558762320652743 -0.0662231102650204 -0.32668885928041386: 26892.611948284288 -276.9631306971136
-15 0.08428825861138871 -0.4158070339235012 -0.0662231102650204 -0.32668885928041386: -1821.8446505232746 -9703.63696634989
-14 0.4158070343449425 0.08428825653235353 -0.0662231102650204 -0.32668885928041386: -3573.9135957591743 1321.5705547722193
-13 0.18454024725148768 -0.3820273513040131 -0.0662231102650204 -0.32668885928041386: 714.0444291419624 1223.08308889225
-12 0.30434841384031563 0.2955876232065274 -0.0662231102650204 -0.32668885928041386: 437.6806606846412 -344.61678361088747
-11 0.26654287722128955 -1.3148972943171633 -0.0662231102650204 -0.32668885928041386: -141.77485117800006 -124.33782458694029
-10 1.314897295649878 0.266542870646803 -0.0662231102650204 -0.32668885928041386: -60.65424666842244 84.93837074695925
-9 0.5835675012853286 -1.208076558601978 -0.0662231102650204 -0.32668885928041386: 30.144968915776403 11.126025727838991
-8 0.9624341899949108 0.93473013748827 -0.0662231102650204 -0.32668885928041386: 8.524261035518807 -14.256143512715125
-7 0.5960079923851836 -2.940199733523725 -0.0662231102650204 -0.32668885928041386: -2.7816748802955367 -0.16565814031006904
-6 2.940199736503765 0.596007977684185 -0.0662231102650204 -0.32668885928041386: -8.671537115061643 3.7873762316780017
-5 1.3048966023336905 -2.701341307058031 -0.0662231102650204 -0.32668885928041386: 0.49407712884651445 -0.4129957782930627
-4 2.1520682726985685 2.0901201280414963 -0.0662231102650204 -0.32668885928041386: 0.6396736432815786 0.0065223729263945715
-3 0.842882586113887 -4.158070339235012 -0.0662231102650204 -0.32668885928041386: -0.033313683512969296 0.02332322085636912
-2 4.158070343449425 0.8428825653235353 -0.0662231102650204 -0.32668885928041386: 0.4478246990001781 -0.280466029129341
-1 1.8454024725148765 -3.820273513040131 -0.0662231102650204 -0.32668885928041386: -0.005521732137381101 -0.011083814947578992
-16 3.043484138403156 2.955876232065274 -0.0662231102650204 -0.32668885928041386: 16060.234205692876 37399.395206626104
-15 1.4599154639643017 -7.2019890890001985 -0.0662231102650204 -0.32668885928041386: -85.59932411679486 -260.0414238462702
-14 7.2019890962997755 1.4599154279543562 -0.0662231102650204 -0.32668885928041386: -99589.96869171935 -128040.2855080778
-13 3.196330842808995 -6.616907823395151 -0.0662231102650204 -0.32668885928041386: 37.48816241635319 -39.49588863674518
-12 5.271469159744255 5.1197278148223075 -0.0662231102650204 -0.32668885928041386: -1166.5920998278818 213.61087557781235
-11 2.665428772212895 -13.148972943171634 -0.0662231102650204 -0.32668885928041386: -0.0016408449341851685 -0.0006423275105310454
-10 13.148972956498778 2.6654287064680298 -0.0662231102650204 -0.32668885928041386: -64072.86736066463 -360003.36558332643
-9 5.835675012853286 -12.080765586019782 -0.0662231102650204 -0.32668885928041386: 0.000402726184017448 0.0006558071639464708
-8 9.624341899949108 9.3473013748827 -0.0662231102650204 -0.32668885928041386: -93.73152361043645 29.906203865352076
-7 1.2537860526472987e-06 4.053149458653986e-06 0.09850673555377985 -0.31844549637520203: -8.028332689495352 2.8512636924675054
-6 4.0531494523850565e-06 -1.2537860729130463e-06 0.09850673555377985 -0.31844549637520203: 0.8362084258785156 3.9634831639498516
-5 2.1204365705620163e-07 4.237338491022665e-06 0.09850673555377985 -0.31844549637520203: 2.119586926152156 -0.23211973066309652
-4 4.088031161857811e-06 1.1349014140794237e-06 0.09850673555377985 -0.31844549637520203: -0.059858921771229846 -1.3057937226642797
-3 0.00012537860526472985 0.0004053149458653987 0.09850673555377985 -0.31844549637520203: -1.0201110179581756 0.013779442600720861
-2 0.0004053149452385057 -0.0001253786072913046 0.09850673555377985 -0.31844549637520203: 0.0020274989178470167 1.260527241261726
-1 2.1204365705620164e-05 0.00042373384910226645 0.09850673555377985 -0.31844549637520203: 7.883393165873901 0.04980459827063271
-16 0.00040880311618578117 0.00011349014140794236 0.09850673555377985 -0.31844549637520203: -25486.3961132596 27149.889180158392
-15 0.012537860526472988 0.04053149458653987 0.09850673555377985 -0.31844549637520203: 7179.670156569498 11680.79090098671
-14 0.04053149452385056 -0.012537860729130462 0.09850673555377985 -0.31844549637520203: 4884.272865617094 -1460.4920903763698
-13 0.0021204365705620146 0.042373384910226644 0.09850673555377985 -0.31844549637520203: -69.80751200817498 -1914.679230965523
-12 0.040880311618578115 0.011349014140794237 0.09850673555377985 -0.31844549637520203: -714.2322208681518 -152.16754554972755
-11 0.12537860526472985 0.4053149458653987 0.09850673555377985 -0.31844549637520203: -120.9555678376155 251.37814537294403
-10 0.40531494523850564 -0.12537860729130462 0.09850673555377985 -0.31844549637520203: 89.36435383556007 70.32163659155425
-9 0.021204365705620162 0.42373384910226647 0.09850673555377985 -0.31844549637520203: 34.37089397619873 -28.77831283819579
-8 0.40880311618578113 0.11349014140794239 0.09850673555377985 -0.31844549637520203: -9.16869854684976 -17.170121091354872
-7 0.3964819624917249 1.2817183986425063 0.09850673555377985 -0.31844549637520203: -6.71336423860531 1.8769213388249473
-6 1.2817183966600967 -0.39648196890031684 0.09850673555377985 -0.31844549637520203: 1.832607109074334 5.436580652272333
-5 0.06705409196892316 1.3399640848732564 0.09850673555377985 -0.31844549637520203: 1.517373827561128 -0.17598661729888046
-4 1.292748961721514 0.3588873388236864 0.09850673555377985 -0.31844549637520203: 0.7749868700640846 -1.4738688031810911
-3 0.8865606199840186 2.866009467376818 0.09850673555377985 -0.31844549637520203: -0.11252351416998828 -0.08655050582488609
-2 2.8660094629440147 -0.8865606343140662 0.09850673555377985 -0.31844549637520203: -0.8233817408663521 -2.916008004089948
-1 0.1499375078120349 2.996250781184899 0.09850673555377985 -0.31844549637520203: 0.035855653416461415 0.005605420821894189
-16 2.8906745562515788 0.8024964858737625 0.09850673555377985 -0.31844549637520203: -48249.54556476546 13162.437660614987
-15 1.2537860526472988 4.053149458653986 0.09850673555377985 -0.31844549637520203: 1824.7428870347846 3607.4270836708633
-14 4.053149452385056 -1.2537860729130463 0.09850673555377985 -0.31844549637520203: 18224.37054115298 -9983.643824420666
-13 0.21204365705620168 4.237338491022665 0.09850673555377985 -0.31844549637520203: -296.9107482483488 -515.8355097316962
-12 4.088031161857811 1.134901414079424 0.09850673555377985 -0.31844549637520203: -107.7396347447044 -1435.792566149121
-11 2.1716211450063487 7.020260793058996 0.09850673555377985 -0.31844549637520203: -4.417725131755633 4.653189956362079
-10 7.02026078220089 -2.171621180107653 0.09850673555377985 -0.31844549637520203: -17500.748919544858 12715.714887267883
-9 0.367270387444052 7.339285555318495 0.09850673555377985 -0.31844549637520203: -0.47324816729930463 -1.0308784557483737
-8 7.0806776752625575 1.965706910767326 0.09850673555377985 -0.31844549637520203: -56.20141382830646 32.51032462790656
-7 3.964819624917248 12.817183986425063 0.09850673555377985 -0.31844549637520203: -3.241814497893877e-05 -1.939765998145941e-05
-6 12.817183966600965 -3.964819689003169 0.09850673555377985 -0.31844549637520203: 4144.344364242926 -12664.508231495527
-5 0.6705409196892314 13.399640848732563 0.09850673555377985 -0.31844549637520203: -7.6242022120953435e-06 1.2141122398930236e-05
-4 12.92748961721514 3.5888733882368644 0.09850673555377985 -0.31844549637520203: 1.1761957349189738 -2.642269755579662
-3 0.0 5.65685424949238e-06 -0.0 -0.25: -0.9996645371689206 0.0
-2 5.65685424949238e-06 1e-100 -0.0 -0.25: -7.0898154035842515e-06 1.2532347492651756
-1 5.65685424949238e-06 -2.8284271421947487e-14 -0.0 -0.25: 12.198555289305812 -1.5707963217823302
-16 1.3995281382501876e-06 -5.480996350139814e-06 -0.0 -0.25: -7.50395841739984e-08 -104659.81274117297
-15 4.760078716235088e-06 3.0564113949607176e-06 -0.0 -0.25: -31639.71329114348 -4.51834040930886e-08
-14 0.0 0.000565685424949238 -0.0 -0.25: 0.0 9782.486653728176
-13 0.000565685424949238 1e-100 -0.0 -0.25: 3105.6535769328248 3.6602206896473194e-44
-12 0.000565685424949238 -2.8284271421947486e-12 -0.0 -0.25: -1.9647440953968764e-13 -1017.2290249698799
-11 0.00013995281382501879 -0.0005480996350139814 -0.0 -0.25: -345.74115175877523 3.525944981922699e-06
-10 0.00047600787162350875 0.0003056411394960718 -0.0 -0.25: -2.66642842396544e-06 122.79650349267943
-9 0.0 0.0565685424949238 -0.0 -0.25: 45.9531332267759 0.0
-8 0.0565685424949238 1e-100 -0.0 -0.25: 2.212169266488402e-11 -18.33350804752243
-7 0.0565685424949238 -2.828427142194749e-10 -0.0 -0.25: -7.893159878960015 1.1040448984302314e-09
-6 0.01399528138250188 -0.05480996350139814 -0.0 -0.25: 0.0009589064508445586 3.73245214717223
-5 0.047600787162350874 0.03056411394960718 -0.0 -0.25: 1.994623189285361 0.0014571731459667862
-4 0.0 0.565685424949238 -0.0 -0.25: 0.0 -1.1131178796318437
-3 0.565685424949238 1e-100 -0.0 -0.25: -1.1771763774652477 -0.24140746703859287
-2 0.565685424949238 -2.828427142194749e-09 -0.0 -0.25: -0.6717696019458915 1.0579945293362856
-1 0.13995281382501876 -0.5480996350139814 -0.0 -0.25: 0.8157942145213775 -0.20013792270229608
-16 0.47600787162350877 0.3056411394960718 -0.0 -0.25: 1433.0604649429451 -105302.57354461988
-15 0.0 1.7888543819998317 -0.0 -0.25: -27083.835388468764 0.0
-14 1.7888543819998317 1e-100 -0.0 -0.25: -0.016000999203499535 11580.896379725611
-13 1.7888543819998317 -8.944271965176346e-09 -0.0 -0.25: 3723.7079569857237 -0.03262907538163985
-12 0.44256965663656117 -1.7332432313511559 -0.0 -0.25: -76.78174873475187 -857.3539225460712
-11 1.5052690584993196 0.9665221474568352 -0.0 -0.25: -368.4890126241533 -73.89156264323562
-10 0.0 4.0 -0.0 -0.25: 0.0 43.408548570882374
-9 4.0 1e-100 -0.0 -0.25: 193.47325940398838 113.04870466472661
-8 4.0 -2.000000012337994e-08 -0.0 -0.25: 73.55252948714023 -69.41979047101557
-7 0.9896158370180916 -3.8756496868425794 -0.0 -0.25: -1.714765658583116 1.1337393620502165
-6 3.365883939231586 2.161209223472559 -0.0 -0.25: -3.3661048598223386 -1.2174526517998425
-5 0.0 5.656854249492381 -0.0 -0.25: 0.07736608175463515 0.0
-4 5.656854249492381 1e-100 -0.0 -0.25: -6.478715098774209 3.1439533601869334
-3 5.656854249492381 -2.8284271421947485e-08 -0.0 -0.25: -0.6665734260659012 -2.9226274807741817
-2 1.3995281382501876 -5.480996350139814 -0.0 -0.25: -296.5005549906368 51.2834905848702
-1 4.760078716235087 3.056411394960718 -0.0 -0.25: 0.012377986871837311 -0.021140200421999766
-16 0.0 9.797958971132712 -0.0 -0.25: 0.0 -2056.596715460001
-15 9.797958971132712 1e-100 -0.0 -0.25: 2499537.881410501 -3380628.2162667233
-14 9.797958971132712 -4.898979515788147e-08 -0.0 -0.25: -671200.9420079958 -1121294.4996662273
-13 2.424053842071605 -9.493364154541734 -0.0 -0.25: -16.63949289114091 -62.17839950472519
-12 8.244698184546408 5.2938598249044295 -0.0 -0.25: -1657.9468969500188 34.02416839773611
-11 0.0 17.88854381999832 -0.0 -0.25: -0.0009083877585950854 0.0
-10 17.88854381999832 1e-100 -0.0 -0.25: 50782.958514311475 48111.77907904892
-9 17.88854381999832 -8.944271965176345e-08 -0.0 -0.25: 12289.799559994346 -8068.940996176962
-8 4.4256965663656125 -17.332432313511557 -0.0 -0.25: 147664948985.10233 90596398402.613
-7 15.052690584993195 9.665221474568352 -0.0 -0.25: -1.856310074951379 3.147385775404609
-6 5.6568542494923793e-14 -5.656854249492381e-06 -2.5e-09 -0.25: -3.435137309317677e-09 3.734209088115065
-5 5.65685424949238e-06 2.8284271072976315e-14 -2.5e-09 -0.25: 1.9939616727137495 8.587843275910333e-10
-4 1.399528193060151e-06 -5.4809963361445334e-06 -2.5e-09 -0.25: 2.050827060418384e-10 -1.2518928987560216
-3 4.760078685670974e-06 3.0564114425615048e-06 -2.5e-09 -0.25: -0.9996645374421002 -2.450805895670855e-10
-2 5.656854249492381e-12 -0.000565685424949238 -2.5e-09 -0.25: -2.0512332139689665e-11 1.253943931394387
-1 0.000565685424949238 2.8284271072976324e-12 -2.5e-09 -0.25: 7.593384415950838 -1.5707962061278449
-16 0.00013995281930601514 -0.0005480996336144532 -2.5e-09 -0.25: 0.0028516066498117322 -104659.81136771999
-15 0.0004760078685670974 0.0003056411442561505 -2.5e-09 -0.25: -31639.713497908047 -0.0013523346870825718
-14 5.65685424949238e-10 -0.0565685424949238 -2.5e-09 -0.25: -0.0002250701022978981 9780.859407243313
-13 0.05656854249492381 2.8284271072976314e-10 -2.5e-09 -0.25: 3106.2067663089333 5.629245112824695e-05
-12 0.013995281930601513 -0.05480996336144533 -2.5e-09 -0.25: -0.09416104341754214 -1017.0565954894099
-11 0.04760078685670974 0.030564114425615053 -2.5e-09 -0.25: -345.7717572141609 -0.06688562887052986
-10 5.6568542494923804e-09 -0.565685424949238 -2.5e-09 -0.25: -8.138611285053298e-07 119.91108375822458
-9 0.5656854249492381 2.828427107297631e-09 -2.5e-09 -0.25: 47.254400850363204 -4.19762633163995e-05
-8 0.13995281930601514 -0.5480996336144532 -2.5e-09 -0.25: -0.2740655857553162 -17.81185331211211
-7 0.47600786856709737 0.3056411442561505 -2.5e-09 -0.25: -8.013501046646368 -0.29885141334298126
-6 1.7888543819998318e-08 -1.7888543819998317 -2.5e-09 -0.25: -1.924261809855827e-07 6.225610404875506
-5 1.788854381999832 8.944271854821974e-09 -2.5e-09 -0.25: 3.675228930557375 -1.5253042833592512
-4 0.4425696739689935 -1.7332432269254594 -2.5e-09 -0.25: -5.063623391116918 3.3564945664880588
-3 1.5052690488340983 0.9665221625095256 -2.5e-09 -0.25: -0.3016178975487963 -0.6528418479409815
-2 4e-08 -4.0 -2.5e-09 -0.25: -2.7371539259300704e-06 68.42858270539142
-1 4.0 1.999999987662006e-08 -2.5e-09 -0.25: 0.02658080048075164 0.623841475028024
-16 0.9896158757745885 -3.875649676946421 -2.5e-09 -0.25: -16796.356486394223 -53420.10808155182
-15 3.365883917619494 2.1612092571313983 -2.5e-09 -0.25: -31312.36090239019 -28496.108586735198
-14 5.65685424949238e-08 -5.656854249492381 -2.5e-09 -0.25: -0.04607012304989432 310914.3537925143
-13 5.656854249492381 2.8284271072976313e-08 -2.5e-09 -0.25: 24503.736777525424 -10567.007310509174
-12 1.399528193060151 -5.480996336144533 -2.5e-09 -0.25: 16344.837905493201 -127068.87641984096
-11 4.760078685670973 3.0564114425615054 -2.5e-09 -0.25: 197.62846594071505 -473.45227150357596
-10 9.797958971132715e-08 -9.797958971132712 -2.5e-09 -0.25: -10.75261712285304 72318014.83950542
-9 9.797958971132713 4.898979455344567e-08 -2.5e-09 -0.25: 1465.6430136255765 3554.0867280756015
-8 2.4240539370052465 -9.493364130301195 -2.5e-09 -0.25: 1637862.1628762623 -8276330.0827771
-7 8.24469813160781 5.293859907351411 -2.5e-09 -0.25: -2.634088874035324 0.6553029476524166
-6 1.7888543819998316e-07 -17.88854381999832 -2.5e-09 -0.25: -3978.304235791692 19826569837.57708
-5 17.88854381999832 8.944271854821973e-08 -2.5e-09 -0.25: -154.18190272842568 -6.733421584359194
-4 4.4256967396899345 -17.332432269254593 -2.5e-09 -0.25: 714119948.8726838 -15763879.851521261
-3 15.052690488340982 9.665221625095256 -2.5e-09 -0.25: -0.006810833402620422 0.009971563288173517
-2 1.1238434481518493e-06 -5.544093785646682e-06 -0.0496673326987653 -0.24501664446031038: 2.16359969895558e-05 1.253469051933662
-1 5.5440937912659e-06 1.1238434204313802e-06 -0.0496673326987653 -0.24501664446031038: 12.19860774058613 -1.7708080905275567
-16 2.4605366300198355e-06 -5.093698017386841e-06 -0.0496673326987653 -0.24501664446031038: 90291.83337607505 -112347.43344399113
-15 4.057978851204207e-06 3.941168309420365e-06 -0.0496673326987653 -0.24501664446031038: -36033.49463994862 -22138.909805248644
-14 0.00011238434481518495 -0.0005544093785646682 -0.0496673326987653 -0.24501664446031038: -5340.633514311855 11475.608506602499
-13 0.00055440937912659 0.00011238434204313801 -0.0496673326987653 -0.24501664446031038: 3668.546802036415 1266.4551581312235
-12 0.00024605366300198354 -0.0005093698017386841 -0.0496673326987653 -0.24501664446031038: 294.824312323576 -1189.8454124478556
-11 0.0004057978851204208 0.00039411683094203655 -0.0496673326987653 -0.24501664446031038: -395.95023750251954 -67.24185620425523
-10 0.011238434481518494 -0.055440937856466824 -0.0496673326987653 -0.24501664446031038: -14.967451969306776 136.8197273996975
-9 0.055440937912659 0.011238434204313802 -0.0496673326987653 -0.24501664446031038: 49.79210885096351 3.2507658613663932
-8 0.024605366300198352 -0.05093698017386841 -0.0496673326987653 -0.24501664446031038: 0.6742005291655621 -19.3332532343497
-7 0.040579788512042074 0.039411683094203655 -0.0496673326987653 -0.24501664446031038: -8.151323409261208 -0.13879905614600357
-6 0.11238434481518494 -0.5544093785646682 -0.0496673326987653 -0.24501664446031038: 0.03654014075096875 3.6295451845254405
-5 0.5544093791265899 0.11238434204313805 -0.0496673326987653 -0.24501664446031038: 2.1861583599429943 0.06350447441598352
-4 0.24605366300198356 -0.5093698017386841 -0.0496673326987653 -0.24501664446031038: -0.24796901216914277 -1.1201422767887546
-3 0.40579788512042075 0.39411683094203653 -0.0496673326987653 -0.24501664446031038: -0.8909412589693517 -0.19756424631568498
-2 0.3553905029617194 -1.7531963924228842 -0.0496673326987653 -0.24501664446031038: -2.517588222061539 6.783414116120264
-1 1.7531963941998367 0.3553904941957374 -0.0496673326987653 -0.24501664446031038: -1.1217775972181514 -0.7190164713032676
-16 0.7780900017137715 -1.6107687448026373 -0.0496673326987653 -0.24501664446031038: 71962.06978991981 -106998.32595868554
-15 1.283245586659881 1.2463068499843601 -0.0496673326987653 -0.24501664446031038: -33669.899103632546 -27974.814863940617
-14 0.7946773231802449 -3.9202663113649665 -0.0496673326987653 -0.24501664446031038: -2510.5286526299064 3931.2927903610525
-13 3.920266315338353 0.7946773035789133 -0.0496673326987653 -0.24501664446031038: 7919.042723949255 5615.896706922684
-12 1.7398621364449205 -3.601788409410708 -0.0496673326987653 -0.24501664446031038: 952.0835246518951 344.82585539541066
-11 2.8694243635980907 2.786826837388662 -0.0496673326987653 -0.24501664446031038: -183.71856399699973 -360.7607087994519
-10 1.1238434481518493 -5.544093785646682 -0.0496673326987653 -0.24501664446031038: -41337.29992982395 -35354.410839596785
-9 5.544093791265899 1.1238434204313805 -0.0496673326987653 -0.24501664446031038: 987.0591730298412 -1011.7362037072011
-8 2.460536630019835 -5.093698017386841 -0.0496673326987653 -0.24501664446031038: 12373.552459322498 -5216.301011605383
-7 4.057978851204207 3.941168309420366 -0.0496673326987653 -0.24501664446031038: 2.621839403974837 -2.0773724236547686
-6 1.9465539519524027 -9.60265211866693 -0.0496673326987653 -0.24501664446031038: -865902.7601955286 -970776.2032907831
-5 9.6026521283997 1.9465539039391417 -0.0496673326987653 -0.24501664446031038: 171.95150289136575 -197.20559585551186
-4 4.261774457078659 -8.822543764526868 -0.0496673326987653 -0.24501664446031038: 75669.96814015448 3652.6063153234372
-3 7.028625546325673 6.82630375309641 -0.0496673326987653 -0.24501664446031038: -0.0025887979911112225 -0.0025554106028616574
-2 3.5539050296171943 -17.53196392422884 -0.0496673326987653 -0.24501664446031038: 20651228.307721544 -47215416.064595394
-1 17.531963941998367 3.553904941957374 -0.0496673326987653 -0.24501664446031038: 9.774279686999135 4.344447817983043
-16 7.780900017137713 -16.107687448026372 -0.0496673326987653 -0.24501664446031038: 1405061510051264.2 1019423884279258.4
-15 12.832455866598808 12.463068499843601 -0.0496673326987653 -0.24501664446031038: 134216.55147305562 418734.2673226093
-14 1.6717147368630649e-06 5.404199278205316e-06 0.07388005166533489 -0.23883412228140152: 10519.628063888389 14908.764577457587
-13 5.404199269846741e-06 -1.6717147638840617e-06 0.07388005166533489 -0.23883412228140152: 4825.714231307774 -2299.9629730721354
-12 2.827248760749358e-07 5.649784654696886e-06 0.07388005166533489 -0.23883412228140152: -471.0272777309413 -1534.5051654199797
-11 5.450708215810414e-06 1.5132018854392312e-06 0.07388005166533489 -0.23883412228140152: -490.2010717567185 87.93858559417312
-10 0.0001671714736863065 0.0005404199278205315 0.07388005166533489 -0.23883412228140152: 14.012020428317433 160.86389270823992
-9 0.0005404199269846741 -0.00016717147638840616 0.07388005166533489 -0.23883412228140152: 55.50054157852424 -1.4959714007110847
-8 2.827248760749358e-05 0.0005649784654696887 0.07388005166533489 -0.23883412228140152: 0.1027691638750029 -20.602543318728443
-7 0.0005450708215810415 0.0001513201885439231 0.07388005166533489 -0.23883412228140152: -8.40608854479893 -0.13209649223403871
-6 0.016717147368630652 0.054041992782053155 0.07388005166533489 -0.23883412228140152: -0.056171053167436154 3.843139004036896
-5 0.05404199269846742 -0.016717147638840614 0.07388005166533489 -0.23883412228140152: 2.01734874431497 0.01695251650975047
-4 0.0028272487607493577 0.05649784654696886 0.07388005166533489 -0.23883412228140152: 0.0052859091230351716 -1.2539465318249947
-3 0.054507082158104146 0.015132018854392314 0.07388005166533489 -0.23883412228140152: -1.003972789068616 -0.0059876651358699295
-2 0.1671714736863065 0.5404199278205315 0.07388005166533489 -0.23883412228140152: -0.12179698457798296 0.7198578933199429
-1 0.5404199269846742 -0.16717147638840615 0.07388005166533489 -0.23883412228140152: 0.6311251843741436 -1.1146388150048174
-16 0.028272487607493575 0.5649784654696887 0.07388005166533489 -0.23883412228140152: -187541.96753312086 -117373.45055700507
-15 0.5450708215810415 0.15132018854392315 0.07388005166533489 -0.23883412228140152: -44922.40712871433 45581.7681114505
-14 0.5286426166556332 1.708957864856675 0.07388005166533489 -0.23883412228140152: 8696.702058238214 13368.283673696076
-13 1.7089578622134618 -0.5286426252004225 0.07388005166533489 -0.23883412228140152: 5415.845179019808 -2931.82407347015
-12 0.08940545595856426 1.7866187798310085 0.07388005166533489 -0.23883412228140152: -427.50052397538275 -1304.2636508065552
-11 1.723665282295352 0.4785164517649152 0.07388005166533489 -0.23883412228140152: -572.0905150257349 33.091008801415335
-10 1.1820808266453582 3.821345956502424 0.07388005166533489 -0.23883412228140152: -19.03070919812362 68.00733836640184
-9 3.8213459505920198 -1.1820808457520882 0.07388005166533489 -0.23883412228140152: 65.75466895128699 -105.38802306354779
-8 0.19991667708271338 3.995001041579865 0.07388005166533489 -0.23883412228140152: 0.42201185889569354 -6.575461905331782
-7 3.854232741668772 1.0699953144983496 0.07388005166533489 -0.23883412228140152: -0.2629315323072722 -21.311280037258758
-6 1.671714736863065 5.404199278205315 0.07388005166533489 -0.23883412228140152: -0.29367719053965613 0.13660373449442398
-5 5.404199269846742 -1.6717147638840617 0.07388005166533489 -0.23883412228140152: -2.7928935511021145 2.2197279716254052
-4 0.28272487607493574 5.649784654696886 0.07388005166533489 -0.23883412228140152: 0.008641478009148072 -0.030385128209941794
-3 5.4507082158104145 1.5132018854392315 0.07388005166533489 -0.23883412228140152: -0.09825199092926584 0.6619430179786441
-2 2.8954948600084647 9.360347724078661 0.07388005166533489 -0.23883412228140152: -4.717657899134203e-05 -0.00010978992347087593
-1 9.360347709601186 -2.895494906810204 0.07388005166533489 -0.23883412228140152: -0.018971240443774396 0.012876438099474244
-16 0.48969384992540305 9.785714073757992 0.07388005166533489 -0.23883412228140152: -6181.02232956492 5063.59406082655
-15 9.440903567016742 2.6209425476897685 0.07388005166533489 -0.23883412228140152: 434228.1005129373 28106.730758451526
-14 5.286426166556331 17.08957864856675 0.07388005166533489 -0.23883412228140152: -0.049393923539647375 0.1689157387580544
-13 17.08957862213462 -5.286426252004224 0.07388005166533489 -0.23883412228140152: -4676450.677729966 -20857653.22374044
-12 0.8940545595856426 17.866187798310083 0.07388005166533489 -0.23883412228140152: 0.033768948982532375 0.01262121980010363
-11 17.23665282295352 4.785164517649153 0.07388005166533489 -0.23883412228140152: -9803.612615447153 -2130.2803389661453
-10 0.0 7.071067811865475e-06 -0.0 -0.2: 0.0 131.20698305436866
-1 0.0 7.071067811865475e-06 -0.0 -0.2: 11.97543043237358 0.0
-9 7.071067811865475e-06 1e-100 -0.0 -0.2: 47.9253812237354 2.5566346464696754e-44
-1 7.071067811865475e-06 1e-100 -0.0 -0.2: 11.975430432049194 1.5707963267752616
-8 7.071067811865475e-06 -3.535533927743436e-14 -0.0 -0.2: -9.398546370346947e-19 -18.785446833509262
-1 7.071067811865475e-06 -3.535533927743436e-14 -0.0 -0.2: 11.975430432049194 -1.5707963217752616
-7 1.7494101728127344e-06 -6.851245437674768e-06 -0.0 -0.2: -7.997268363180989 2.3970070939371843e-11
-1 1.7494101728127344e-06 -6.851245437674768e-06 -0.0 -0.2: 11.975430432355223 -0.249999999924983
-6 5.95009839529386e-06 3.820514243700897e-06 -0.0 -0.2: -2.8490443088496946e-11 3.7594185249286434
-1 5.95009839529386e-06 3.820514243700897e-06 -0.0 -0.2: 11.975430432155257 0.9999999998473167
-5 0.0 0.0007071067811865475 -0.0 -0.2: 1.9998991303655393 0.0
-1 0.0 0.0007071067811865475 -0.0 -0.2: 7.370261292505879 0.0
-4 0.0007071067811865475 1e-100 -0.0 -0.2: 1.477044801902354e-10 -1.2532950988490204
-1 0.0007071067811865475 1e-100 -0.0 -0.2: 7.37025919994078 1.570796130445362
-3 0.0007071067811865475 -3.535533927743436e-12 -0.0 -0.2: -0.9999982409117508 3.9269907558068015e-07
-1 0.0007071067811865475 -3.535533927743436e-12 -0.0 -0.2: 7.370259199940782 -1.570796125445352
-2 0.00017494101728127346 -0.0006851245437674767 -0.0 -0.2: -0.00021940631821105764 1.2541723700887986
-1 0.000595009839529386 0.0003820514243700897 -0.0 -0.2: 7.370259924478274 0.9999989965996393
-16 0.0 0.07071067811865475 -0.0 -0.2: 0.0 -160876.041118082
-15 0.07071067811865475 1e-100 -0.0 -0.2: -44496.59339807445 -1.9019607143248974e-22
-14 0.07071067811865475 -3.535533927743436e-10 -0.0 -0.2: 2.9347807785755772e-08 12730.395391908
-13 0.017494101728127348 -0.06851245437674768 -0.0 -0.2: 3782.242266681795 -0.4576622524273123
-12 0.0595009839529386 0.038205142437008975 -0.0 -0.2: 0.29830985517402114 -1173.72069306292
-11 0.0 0.7071067811865476 -0.0 -0.2: -370.2108364824385 0.0
-10 0.7071067811865476 1e-100 -0.0 -0.2: -5.729351857807658e-05 136.0242843115695
-9 0.7071067811865476 -3.5355339277434356e-09 -0.0 -0.2: 49.990035687277675 -0.00024935939210873984
-8 0.17494101728127345 -0.6851245437674768 -0.0 -0.2: -0.4221379662575469 -17.981871529584303
-7 0.5950098395293859 0.38205142437008976 -0.0 -0.2: -8.182129898065662 -0.47494457987114125
-6 0.0 2.23606797749979 -0.0 -0.2: 0.0 1.9697099886525113
-5 2.23606797749979 1e-100 -0.0 -0.2: 3.945920913789365 3.1577173139128636
-4 2.23606797749979 -1.1180339956470432e-08 -0.0 -0.2: 2.7159483537613074 -1.431202953372127
-3 0.5532120707957016 -2.1665540391889446 -0.0 -0.2: -0.2209408295690489 0.10886186543353749
-2 1.8815863231241494 1.208152684321044 -0.0 -0.2: -0.3564879545185505 -0.11450426186621752
-1 0.0 5.0 -0.0 -0.2: 0.0036910113712894472 0.0
-16 5.0 1e-100 -0.0 -0.2: 8764.767573319417 -489782.79779542855
-15 5.0 -2.5000000154224926e-08 -0.0 -0.2: -152488.92928822027 6550.273199610433
-14 1.2370197962726148 -4.844562108553224 -0.0 -0.2: 23417.94879061881 -36482.66798511403
-13 4.207354924039483 2.701511529340699 -0.0 -0.2: 1873.4219825072762 5054.424397333911
-12 0.0 7.0710678118654755 -0.0 -0.2: 0.0 -124.34370004594592
-11 7.0710678118654755 1e-100 -0.0 -0.2: 2252.268971664909 -9470.391613102256
-10 7.0710678118654755 -3.535533927743436e-08 -0.0 -0.2: -2784.529615026079 -2168.585284986574
-9 1.749410172812735 -6.851245437674767 -0.0 -0.2: 1.489482245127042 -3.0211649716516504
-8 5.9500983952938595 3.8205142437008974 -0.0 -0.2: -7.093367995780199 14.163258582394823
-7 0.0 12.24744871391589 -0.0 -0.2: -0.004268296731450304 0.0
-6 12.24744871391589 1e-100 -0.0 -0.2: -14.038679370303532 -189.39391410105358
-5 12.24744871391589 -6.123724394735183e-08 -0.0 -0.2: -44.01686782294882 31.381214560419124
-4 3.0300673025895066 -11.866705193177166 -0.0 -0.2: 321677.6500930452 -1988155.3489431627
-3 10.30587273068301 6.617324781130538 -0.0 -0.2: 0.005470648299256188 0.0023608384650290835
-2 0.0 22.360679774997898 -0.0 -0.2: 0.0 1.6208195109889577e-10
-1 22.360679774997898 1e-100 -0.0 -0.2: -0.1102237802310359 -0.2418212037834491
-16 22.360679774997898 -1.1180339956470432e-07 -0.0 -0.2: 222013131.2852548 -3519331993.279078
-15 5.532120707957016 -21.665540391889447 -0.0 -0.2: -0.1613095936613752 -0.18748888950366044
-14 18.815863231241494 12.08152684321044 -0.0 -0.2: 8001.654100469103 6831.375805813684
-13 7.071067811865477e-14 -7.071067811865475e-06 -1.9999999999999997e-09 -0.19999999999999996: 3783.0801615362766 9.098274345695082e-06
-12 7.0710678118654756e-06 3.5355338841220393e-14 -1.9999999999999997e-09 -0.19999999999999996: 1.8196548692136511e-06 -1173.5842280201089
-11 1.7494102413251888e-06 -6.851245420180666e-06 -1.9999999999999997e-09 -0.19999999999999996: -381.9473258918891 -3.633565575218116e-07
-10 5.950098357088717e-06 3.820514303201881e-06 -1.9999999999999997e-09 -0.19999999999999996: -7.32132337327859e-08 131.20698305503373
-9 7.071067811865473e-12 -0.0007071067811865476 -1.9999999999999997e-09 -0.19999999999999996: 47.92537922421844 1.4557198821520503e-08
-8 0.0007071067811865476 3.5355338841220385e-12 -1.9999999999999997e-09 -0.19999999999999996: 2.9114572183479563e-09 -18.785447773269947
-7 0.00017494102413251892 -0.0006851245420180666 -1.9999999999999997e-09 -0.19999999999999996: -7.997267924455683 2.3911840232285546e-07
-6 0.0005950098357088718 0.0003820514303201881 -1.9999999999999997e-09 -0.19999999999999996: -2.85020921028687e-07 3.7594186553042386
-5 7.071067811865474e-10 -0.07071067811865475 -1.9999999999999997e-09 -0.19999999999999996: 1.9974103797833482 -2.630211037503698e-11
-4 0.07071067811865475 3.535533884122039e-10 -1.9999999999999997e-09 -0.19999999999999996: 0.00014763068443166967 -1.256424153546505
-3 0.017494102413251892 -0.06851245420180666 -1.9999999999999997e-09 -0.19999999999999996: -0.9925294486793709 0.003369999339206545
-2 0.05950098357088717 0.038205143032018815 -1.9999999999999997e-09 -0.19999999999999996: -0.0717357279280984 1.2041987209337224
-1 7.071067811865475e-09 -0.7071067811865476 -1.9999999999999997e-09 -0.19999999999999996: 0.6531097844582435 -7.3191078432108875e-09
-16 0.7071067811865476 3.53553388412204e-09 -1.9999999999999997e-09 -0.19999999999999996: 0.0011812800730722091 -164126.7406393813
-15 0.17494102413251889 -0.6851245420180666 -1.9999999999999997e-09 -0.19999999999999996: -43663.58283076414 443.5057462701537
-14 0.5950098357088717 0.38205143032018823 -1.9999999999999997e-09 -0.19999999999999996: -269.8731032743299 12846.82972273669
-13 2.2360679774997895e-08 -2.23606797749979 -1.9999999999999997e-09 -0.19999999999999996: 2959.849669070185 -5.916479698496204e-06
-12 2.23606797749979 1.1180339818527463e-08 -1.9999999999999997e-09 -0.19999999999999996: 0.6933495526562237 -1572.7787499918895
-11 0.5532120924612418 -2.166554033656824 -1.9999999999999997e-09 -0.19999999999999996: -289.62135458535556 40.572878824792696
-10 1.8815863110426228 1.208152703136907 -1.9999999999999997e-09 -0.19999999999999996: -49.64682793884187 140.5576014327455
-9 5e-08 -5.0 -1.9999999999999997e-09 -0.19999999999999996: 9.489666138291732 -2.4985717554301266e-07
-8 5.0 2.499999984577508e-08 -1.9999999999999997e-09 -0.19999999999999996: 180.02339039352196 -12.074168583025514
-7 1.2370198447182357 -4.844562096183026 -1.9999999999999997e-09 -0.19999999999999996: -0.8388879964609998 0.8423573070538728
-6 4.207354897024367 2.701511571414248 -1.9999999999999997e-09 -0.19999999999999996: -1.3867962992020992 -2.6312920914691706
-5 7.071067811865474e-08 -7.0710678118654755 -1.9999999999999997e-09 -0.19999999999999996: 0.025595736289738796 -1.4780751617072748e-09
-4 7.0710678118654755 3.53553388412204e-08 -1.9999999999999997e-09 -0.19999999999999996: -5.362556964348536 -7.1660928571419
-3 1.7494102413251889 -6.851245420180666 -1.9999999999999997e-09 -0.19999999999999996: 0.00024263508275937558 0.003692787108693645
-2 5.9500983570887165 3.820514303201882 -1.9999999999999997e-09 -0.19999999999999996: 0.008981878433709092 0.025957868268397438
-1 1.2247448713915892e-07 -12.24744871391589 -1.9999999999999997e-09 -0.19999999999999996: 1.6927204929668774e-06 -2.1437850059872277e-13
-16 12.247448713915892 6.123724319180707e-08 -1.9999999999999997e-09 -0.19999999999999996: -25957698.765969444 52048343.675890766
-15 3.0300674212565584 -11.866705162876494 -1.9999999999999997e-09 -0.19999999999999996: 218.58171809749464 478.0939971060709
-14 10.305872664509762 6.617324884189264 -1.9999999999999997e-09 -0.19999999999999996: 9224.73771142422 13092.952467459767
-13 2.2360679774997894e-07 -22.360679774997898 -1.9999999999999997e-09 -0.19999999999999996: 0.0033023512875055075 -3.376311238903645e-10
-12 22.360679774997898 1.1180339818527465e-07 -1.9999999999999997e-09 -0.19999999999999996: 3583119.4016060815 6263410.239167055
-11 5.5321209246124186 -21.66554033656824 -1.9999999999999997e-09 -0.19999999999999996: -0.00036533078623360055 -0.0003306195797941105
-10 18.815863110426225 12.081527031369072 -1.9999999999999997e-09 -0.19999999999999996: 11.307589695490682 7.559446106211651
-9 1.4048043101898117e-06 -6.930117232058353e-06 -0.03973386615901225 -0.19601331556824833: 48.15897802171989 -0.11469895618385632
-8 6.930117239082374e-06 1.4048042755392254e-06 -0.03973386615901225 -0.19601331556824833: -0.027159194594627904 -18.825782513271395
-7 3.075670787524794e-06 -6.367122521733551e-06 -0.03973386615901225 -0.19601331556824833: -8.003984296509126 0.006042871937338009
-6 5.072473564005259e-06 4.926460386775457e-06 -0.03973386615901225 -0.19601331556824833: 0.0012833259044333337 3.7604846696109906
-5 0.0001404804310189812 -0.0006930117232058353 -0.03973386615901225 -0.19601331556824833: 2.000057212592558 -0.00026232310883789954
-4 0.0006930117239082374 0.00014048042755392256 -0.03973386615901225 -0.19601331556824833: -5.1631109878166835e-05 -1.2533160093066673
-3 0.00030756707875247944 -0.0006367122521733551 -0.03973386615901225 -0.19601331556824833: -0.9999971421757883 1.134757652685789e-05
-2 0.0005072473564005259 0.0004926460386775457 -0.03973386615901225 -0.19601331556824833: -0.0006336072083787119 1.2526960399649993
-1 0.014048043101898118 -0.06930117232058353 -0.03973386615901225 -0.19601331556824833: 2.7695234288277795 -0.19839670277960023
-16 0.06930117239082374 0.014048042755392254 -0.03973386615901225 -0.19601331556824833: 11906.197680174466 -186848.5431109564
-15 0.030756707875247945 -0.06367122521733551 -0.03973386615901225 -0.19601331556824833: -49726.2543655224 -1662.8939651358999
-14 0.05072473564005259 0.04926460386775457 -0.03973386615901225 -0.19601331556824833: -198.02647237929816 13768.121599386059
-13 0.1404804310189812 -0.6930117232058353 -0.03973386615901225 -0.19601331556824833: 3896.7422106535732 -24.188621640789812
-12 0.6930117239082374 0.14048042755392257 -0.03973386615901225 -0.19601331556824833: 10.708700844679937 -1243.1258124767696
-11 0.3075670787524794 -0.636712252173355 -0.03973386615901225 -0.19601331556824833: -381.58717162826997 10.580733354918095
-10 0.5072473564005259 0.4926460386775457 -0.03973386615901225 -0.19601331556824833: -4.267571205377509 132.5470775120182
-9 0.4442381287021493 -2.191495490528605 -0.03973386615901225 -0.19601331556824833: 33.31732375360358 -4.822288600909047
-8 2.191495492749796 0.44423811774467176 -0.03973386615901225 -0.19601331556824833: 8.455029705320543 -28.868355933349775
-7 0.9726125021422143 -2.0134609310032965 -0.03973386615901225 -0.19601331556824833: -5.071448484843215 2.0934147493032054
-6 1.6040569833248512 1.5578835624804501 -0.03973386615901225 -0.19601331556824833: -2.070455381977699 2.5222837013075807
-5 0.9933466539753061 -4.900332889206208 -0.03973386615901225 -0.19601331556824833: 0.10628593713504843 -0.10014354242479362
-4 4.900332894172942 0.9933466294736414 -0.03973386615901225 -0.19601331556824833: -1.3339556925804188 2.0615512056642755
-3 2.174827670556151 -4.502235511763384 -0.03973386615901225 -0.19601331556824833: 0.013095300965466083 0.03039541289961039
-2 3.586780454497614 3.483533546735827 -0.03973386615901225 -0.19601331556824833: 0.016570775304567267 -0.03472478178808291
-1 1.404804310189812 -6.930117232058352 -0.03973386615901225 -0.19601331556824833: 3.123099354247638e-05 -0.0004524886459274626
-16 6.930117239082374 1.4048042755392254 -0.03973386615901225 -0.19601331556824833: 1030643.2269737894 -429624.6379919724
-15 3.0756707875247944 -6.36712252173355 -0.03973386615901225 -0.19601331556824833: -4880.944525919523 12502.730033438147
-14 5.072473564005259 4.926460386775457 -0.03973386615901225 -0.19601331556824833: -9224.269972973012 -4126.733999999294
-13 2.433192439940503 -12.003315148333662 -0.03973386615901225 -0.19601331556824833: 9.067133980084748 -29.52639917802895
-12 12.003315160499625 2.4331923799239266 -0.03973386615901225 -0.19601331556824833: 2340.371117594573 -41366.76811990768
-11 5.327218071348326 -11.028179705658582 -0.03973386615901225 -0.19601331556824833: 3.333669779307651 -1.541367478876056
-10 8.78578193290709 8.532879691370512 -0.03973386615901225 -0.19601331556824833: -1.0088526922658307 8.173086930142878
-9 4.442381287021493 -21.914954905286052 -0.03973386615901225 -0.19601331556824833: -1.333169654335238e-05 -6.519472499797155e-06
-8 21.91495492749796 4.442381177446716 -0.03973386615901225 -0.19601331556824833: -379.7656814363199 -499.6479732605803
-7 9.726125021422144 -20.13460931003296 -0.03973386615901225 -0.19601331556824833: 2.221170410150313e-06 2.11201615454669e-06
-6 16.04056983324851 15.578835624804498 -0.03973386615901225 -0.19601331556824833: -0.050910893609474844 0.01444311839290362
-5 2.089643421078831e-06 6.755249097756644e-06 0.059104041332267925 -0.19106729782512122: 1.99913843346108 -0.00019012602109881499
-4 6.755249087308427e-06 -2.089643454855077e-06 0.059104041332267925 -0.19106729782512122: -8.118981900447276e-05 -1.2531638936461298
-3 3.5340609509366984e-07 7.062230818371107e-06 0.059104041332267925 -0.19106729782512122: -0.9999763657509941 2.3140302360084875e-05
-2 6.813385269763018e-06 1.8915023567990387e-06 0.059104041332267925 -0.19106729782512122: -2.9619814479340744e-06 1.2533086069450337
-1 0.00020896434210788313 0.0006755249097756644 0.059104041332267925 -0.19106729782512122: 7.370260981510877 0.29999823098518735
-16 0.0006755249087308427 -0.00020896434548550773 0.059104041332267925 -0.19106729782512122: 25321.862827233297 -228363.46435056248
-15 3.5340609509366966e-05 0.0007062230818371107 0.059104041332267925 -0.19106729782512122: -55811.94969827865 -7605.346306409494
-14 0.0006813385269763019 0.00018915023567990383 0.059104041332267925 -0.19106729782512122: -1896.7831329093008 14460.972527677372
-13 0.020896434210788316 0.06755249097756644 0.059104041332267925 -0.19106729782512122: 4010.658647749958 424.87526710658125
-12 0.06755249087308428 -0.02089643454855077 0.059104041332267925 -0.19106729782512122: 87.37398401420415 -1195.1078596058207
-11 0.0035340609509366956 0.07062230818371107 0.059104041332267925 -0.19106729782512122: -381.36842978768624 -16.81893397027697
-10 0.06813385269763018 0.018915023567990394 0.059104041332267925 -0.19106729782512122: -3.0201998151039136 130.30871431912897
-9 0.20896434210788312 0.6755249097756644 0.059104041332267925 -0.19106729782512122: 45.974015331826884 1.5570090843786768
-8 0.6755249087308427 -0.2089643454855077 0.059104041332267925 -0.19106729782512122: -0.5001868940008426 -19.488985035956887
-7 0.035340609509366974 0.7062230818371107 0.059104041332267925 -0.19106729782512122: -7.5074410447295605 -0.05249756694386829
-6 0.6813385269763018 0.18915023567990388 0.059104041332267925 -0.19106729782512122: -0.19649548330150027 4.028414662393365
-5 0.6608032708195414 2.1361973310708438 0.059104041332267925 -0.19106729782512122: 0.8961532843433939 0.356670855515831
-4 2.1361973277668276 -0.660803281500528 0.059104041332267925 -0.19106729782512122: 3.4724590781896656 -3.9362431141878114
-3 0.11175681994820533 2.2332734747887604 0.059104041332267925 -0.19106729782512122: -0.22999074496339314 -0.02136200410261483
-2 2.15458160286919 0.5981455647061441 0.059104041332267925 -0.19106729782512122: -0.5749751621716427 -0.3798308086998056
-1 1.4776010333066978 4.77668244562803 0.059104041332267925 -0.19106729782512122: -0.00023342192248850717 0.0046117683942770386
-16 4.776682438240025 -1.4776010571901101 0.059104041332267925 -0.19106729782512122: -202922.44378762582 -381257.41408031696
-15 0.24989584635339168 4.9937513019748305 0.059104041332267925 -0.19106729782512122: -24880.439776396874 -5269.950835413036
-14 4.817790927085964 1.337494143122937 0.059104041332267925 -0.19106729782512122: -26986.28977508771 25808.886793958478
-13 2.0896434210788315 6.755249097756644 0.059104041332267925 -0.19106729782512122: 375.48339126035245 712.4697231551188
-12 6.755249087308426 -2.0896434548550773 0.059104041332267925 -0.19106729782512122: -38077.95908610455 -95483.34892529534
-11 0.3534060950936696 7.062230818371107 0.059104041332267925 -0.19106729782512122: -36.21817353154153 -14.06709586512175
-10 6.8133852697630175 1.891502356799039 0.059104041332267925 -0.19106729782512122: -163.90275295453233 -761.6321968684049
-9 3.6193685750105815 11.700434655098324 0.059104041332267925 -0.19106729782512122: -0.14088239201970254 0.07236208433368452
-8 11.700434637001482 -3.619368633512755 0.059104041332267925 -0.19106729782512122: 21282.06797491956 -72434.95210721254
-7 0.6121173124067543 12.232142592197489 0.059104041332267925 -0.19106729782512122: -0.0038967192183240558 -0.004047642437179502
-6 11.801129458770928 3.2761781846122093 0.059104041332267925 -0.19106729782512122: 0.06493573436300559 -7.63495769657301
-5 6.608032708195414 21.361973310708436 0.059104041332267925 -0.19106729782512122: 1.961652333438217e-08 -7.608710939707251e-08
-4 21.36197327766827 -6.6080328150052825 0.059104041332267925 -0.19106729782512122: 12975.040323703102 -15884.062046167744
-3 1.1175681994820539 22.332734747887603 0.059104041332267925 -0.19106729782512122: -6.885432426086672e-09 -6.394539447137449e-10
-2 21.5458160286919 5.981455647061441 0.059104041332267925 -0.19106729782512122: -0.001391172296503574 -0.002490760618544858
-1 0.0 8.485281374238571e-06 -0.0 -0.16666666666666666: 11.79310901394313 0.0
-16 8.485281374238571e-06 1e-100 -0.0 -0.16666666666666666: -3.528510074911838e-57 -169067.19885550218
-15 8.485281374238571e-06 -4.2426407132921225e-14 -0.0 -0.16666666666666666: -46031.918031025525 1.3819521199834325e-15
-14 2.099292207375282e-06 -8.22149452520972e-06 -0.0 -0.16666666666666666: 2.0438165342385498e-08 13020.470227681744
-13 7.1401180743526314e-06 4.584617092441077e-06 -0.0 -0.16666666666666666: 3838.7558651535237 1.2569069524166024e-08
-12 0.0 0.0008485281374238571 -0.0 -0.16666666666666666: 0.0 -1184.181372584194
-11 0.0008485281374238571 1e-100 -0.0 -0.16666666666666666: -383.96769365804624 -7.915003692227703e-35
-10 0.0008485281374238571 -4.2426407132921226e-12 -0.0 -0.16666666666666666: 6.767847808124825e-14 131.59277377490776
-9 0.00020992922073752817 -0.0008221494525209722 -0.0 -0.16666666666666666: 47.99915458457027 -1.380741635925958e-06
-8 0.0007140118074352631 0.00045846170924410774 -0.0 -0.16666666666666666: 1.2308050381008823e-06 -18.79957633852572
-7 0.0 0.08485281374238571 -0.0 -0.16666666666666666: -7.992784401846648 0.0
-6 0.08485281374238571 1e-100 -0.0 -0.16666666666666666: -3.673470497933665e-07 3.764458883001427
-5 0.08485281374238571 -4.2426407132921227e-10 -0.0 -0.16666666666666666: 2.0036210020005587 -1.0172690714559682e-05
-4 0.02099292207375282 -0.08221494525209722 -0.0 -0.16666666666666666: -0.002344123508779203 -1.2491632539733377
-3 0.07140118074352632 0.04584617092441077 -0.0 -0.16666666666666666: -1.001355463342041 -0.011582199164181848
-2 0.0 0.848528137423857 -0.0 -0.16666666666666666: 0.0 0.5364742097591371
-1 0.848528137423857 1e-100 -0.0 -0.16666666666666666: 0.0638318809553803 1.3005248114809118
-16 0.848528137423857 -4.242640713292124e-09 -0.0 -0.16666666666666666: -4.8388104804425865e-05 -173832.33970850994
-15 0.20992922073752818 -0.8221494525209722 -0.0 -0.16666666666666666: -44832.55562119834 641.9736824839472
-14 0.7140118074352632 0.45846170924410773 -0.0 -0.16666666666666666: -394.04825540792984 13192.161386499707
-13 0.0 2.6832815729997477 -0.0 -0.16666666666666666: 2716.1633910329065 0.0
-12 2.6832815729997477 1e-100 -0.0 -0.16666666666666666: 4.72036397831644 -1820.8655325809386
-11 2.6832815729997477 -1.3416407947764517e-08 -0.0 -0.16666666666666666: -631.4364732589969 5.824007016315123
-10 0.6638544849548419 -2.599864847026734 -0.0 -0.16666666666666666: 1.2177169731982398 65.22620072638455
-9 2.2579035877489795 1.4497832211852528 -0.0 -0.16666666666666666: 47.98146623084032 31.069396164092147
-8 0.0 6.0 -0.0 -0.16666666666666666: 0.0 -1.6681887501632922
-7 6.0 1e-100 -0.0 -0.16666666666666666: 111.37227892776006 -38.939995578669915
-6 6.0 -3.0000000185069913e-08 -0.0 -0.16666666666666666: 10.10466173463895 -46.01555900729839
-5 1.4844237555271376 -5.813474530263869 -0.0 -0.16666666666666666: 0.028069788855623206 -0.0672663934513096
-4 5.0488259088473795 3.2418138352088377 -0.0 -0.16666666666666666: -0.277842620805878 0.16489226610532992
-3 0.0 8.48528137423857 -0.0 -0.16666666666666666: -0.0007860372125946297 0.0
-2 8.48528137423857 1e-100 -0.0 -0.16666666666666666: -1.0117517376722198 -0.7396990993572534
-1 8.48528137423857 -4.2426407132921234e-08 -0.0 -0.16666666666666666: -0.42378564802637037 -0.07219069596041634
-16 2.0992922073752815 -8.221494525209721 -0.0 -0.16666666666666666: 596821940.993394 -58815952.9756457
-15 7.140118074352632 4.584617092441076 -0.0 -0.16666666666666666: 74046.08054512965 -23068.951794380377
-14 0.0 14.696938456699069 -0.0 -0.16666666666666666: 0.0 20.00584164465928
-13 14.696938456699069 1e-100 -0.0 -0.16666666666666666: 1847813.5751695945 2908093.99653453
-12 14.696938456699069 -7.348469273682219e-08 -0.0 -0.16666666666666666: 891654.5418636071 17020.68293955952
-11 3.6360807631074072 -14.2400462318126 -0.0 -0.16666666666666666: 0.29220921714780246 0.13420986730702192
-10 12.36704727681961 7.940789737356646 -0.0 -0.16666666666666666: -14.7828900396374 -26.592878139700716
-9 0.0 26.832815729997478 -0.0 -0.16666666666666666: 2.898969896782037e-07 0.0
-8 26.832815729997478 1e-100 -0.0 -0.16666666666666666: -8407.033176953451 22817.572614255736
-7 26.832815729997478 -1.3416407947764517e-07 -0.0 -0.16666666666666666: 2219.4141404479815 -4130.285010978946
-6 6.638544849548418 -25.998648470267337 -0.0 -0.16666666666666666: -122170331781887.9 100172270621356.12
-5 22.579035877489794 14.49783221185253 -0.0 -0.16666666666666666: -3.877160273573852e-05 5.0248709375949424e-05
-4 8.485281374238569e-14 -8.485281374238571e-06 -1.6666666666666667e-09 -0.16666666666666663: 3.289585385471152e-14 -1.2533140434174936
-3 8.485281374238571e-06 4.242640660946448e-14 -1.6666666666666667e-09 -0.16666666666666663: -0.9999999852125722 5.6543180725880036e-11
-2 2.0992922895902272e-06 -8.221494504216798e-06 -1.6666666666666667e-09 -0.16666666666666663: -2.6310943372514292e-06 1.2533244389973797
-1 7.14011802850646e-06 4.584617163842258e-06 -1.6666666666666667e-09 -0.16666666666666663: 11.793109013633392 0.9999999897831201
-16 8.48528137423857e-12 -0.0008485281374238571 -1.6666666666666667e-09 -0.16666666666666663: 7.160898345013097e-05 -169067.19416766427
-15 0.0008485281374238571 4.242640660946449e-12 -1.6666666666666667e-09 -0.16666666666666663: -46031.91941283947 -1.1934860257804032e-05
-14 0.00020992922895902267 -0.0008221494504216801 -1.6666666666666667e-09 -0.16666666666666663: 0.0002023925126958344 13020.469853601058
-13 0.0007140118028506462 0.00045846171638422577 -1.6666666666666667e-09 -0.16666666666666663: 3838.755922671063 0.00012602222225604673
-12 8.485281374238571e-10 -0.08485281374238571 -1.6666666666666667e-09 -0.16666666666666663: 4.577858489965564e-08 -1183.707807788386
-11 0.08485281374238571 4.242640660946449e-10 -1.6666666666666667e-09 -0.16666666666666663: -384.1405251993685 -1.0938906298603052e-08
-10 0.020992922895902277 -0.08221494504216799 -1.6666666666666667e-09 -0.16666666666666663: 0.032426295696690005 131.53338672362207
-9 0.0714011802850646 0.045846171638422584 -1.6666666666666667e-09 -0.16666666666666663: 48.01113362864921 0.026197500156527213
-8 8.485281374238571e-09 -0.848528137423857 -1.6666666666666667e-09 -0.16666666666666663: -2.4716321579564464e-08 -17.512634264353217
-7 0.8485281374238571 4.242640660946448e-09 -1.6666666666666667e-09 -0.16666666666666663: -8.79346047149106 0.011674645916633104
-6 0.2099292289590227 -0.82214945042168 -1.6666666666666667e-09 -0.16666666666666663: 0.10121579146455807 3.419652695112833
-5 0.7140118028506461 0.4584617163842258 -1.6666666666666667e-09 -0.16666666666666663: 2.0624426826620925 0.3408969610405851
-4 2.683281572999748e-08 -2.6832815729997477 -1.6666666666666667e-09 -0.16666666666666663: -1.3204647302573778e-06 30.87102784391275
-3 2.683281572999748 1.3416407782232965e-08 -1.6666666666666667e-09 -0.16666666666666663: 0.932739190854448 1.8827052395008352
-2 0.6638545109534904 -2.599864840388189 -1.6666666666666667e-09 -0.16666666666666663: -10.395814158097572 13.288786959207991
-1 2.257903573251147 1.4497832437642888 -1.6666666666666667e-09 -0.16666666666666663: -0.1598892975752013 0.0706481859636801
-16 6.000000000000001e-08 -6.0 -1.6666666666666667e-09 -0.16666666666666663: -0.2702608824426354 1542844.011284492
-15 6.000000000000001 2.9999999814930094e-08 -1.6666666666666667e-09 -0.16666666666666663: -288641.08510827704 56982.15315897266
-14 1.4844238136618828 -5.813474515419632 -1.6666666666666667e-09 -0.16666666666666663: 390545.27052859706 -536415.6539456097
-13 5.04882587642924 3.2418138856970975 -1.6666666666666667e-09 -0.16666666666666663: -897.012224511364 5686.719726808166
-12 8.485281374238573e-08 -8.48528137423857 -1.6666666666666667e-09 -0.16666666666666663: -6.680505804503287 43763000.44327548
-11 8.485281374238571 4.242640660946448e-08 -1.6666666666666667e-09 -0.16666666666666663: 20350.002372003688 4889.879654756711
-10 2.0992922895902266 -8.2214945042168 -1.6666666666666667e-09 -0.16666666666666663: 1924219.7628910267 -7140673.531919792
-9 7.14011802850646 4.584617163842258 -1.6666666666666667e-09 -0.16666666666666663: -13.114949521397255 -36.43686883567705
-8 1.4696938456699071e-07 -14.696938456699069 -1.6666666666666667e-09 -0.16666666666666663: -1143.2088492172556 6306021133.51392
-7 14.69693845669907 7.348469183016851e-08 -1.6666666666666667e-09 -0.16666666666666663: -75.79795177998159 -1045.793108006967
-6 3.6360809055078698 -14.240046195451793 -1.6666666666666667e-09 -0.16666666666666663: 292521583.395334 -168469499.00853366
-5 12.367047197411715 7.940789861027119 -1.6666666666666667e-09 -0.16666666666666663: -0.0006755937823440076 -0.026965504976018094
-4 2.6832815729997477e-07 -26.832815729997478 -1.6666666666666667e-09 -0.16666666666666663: -4061965.5932893655 14573890093476.574
-3 26.832815729997478 1.3416407782232963e-07 -1.6666666666666667e-09 -0.16666666666666663: -3.8891160584274966 5.200373183572193
-2 6.638545109534903 -25.998648403881887 -1.6666666666666667e-09 -0.16666666666666663: -85235104133.46046 229673374046.64572
-1 22.57903573251147 14.497832437642886 -1.6666666666666667e-09 -0.16666666666666663: -4.1507826851136095e-08 -1.2072880417024168e-07
-16 1.6857651722277742e-06 -8.316140678470024e-06 -0.0331115551325102 -0.16334442964020693: -1177.3692680541926 -169517.4102071863
-15 8.31614068689885e-06 1.6857651306470702e-06 -0.0331115551325102 -0.16334442964020693: -46069.50183796456 191.3575618105623
-14 3.6908049450297532e-06 -7.640547026080262e-06 -0.0331115551325102 -0.16334442964020693: 30.090940209603367 13020.90378731878
-13 6.086968276806311e-06 5.911752464130548e-06 -0.0331115551325102 -0.16334442964020693: 3837.950530180749 -4.567005860400914
-12 0.0001685765172227774 -0.0008316140678470025 -0.0331115551325102 -0.16334442964020693: -0.6653788871764075 -1183.9202171294885
-11 0.000831614068689885 0.00016857651306470705 -0.0331115551325102 -0.16334442964020693: -383.90671793703507 0.09207405008322145
-10 0.00036908049450297533 -0.0007640547026080262 -0.0331115551325102 -0.16334442964020693: 0.011865636712806826 131.580369624051
-9 0.0006086968276806312 0.0005911752464130549 -0.0331115551325102 -0.16334442964020693: 47.99683871128934 -0.0013558673807716947
-8 0.016857651722277742 -0.08316140678470024 -0.0331115551325102 -0.16334442964020693: -0.005386230949836053 -18.786705759826933
-7 0.0831614068689885 0.016857651306470704 -0.0331115551325102 -0.16334442964020693: -8.006545677899204 -0.002805712205802266
-6 0.036908049450297534 -0.07640547026080262 -0.0331115551325102 -0.16334442964020693: 0.0035238059662233774 3.7571211531991078
-5 0.06086968276806312 0.059117524641305486 -0.0331115551325102 -0.16334442964020693: 2.000081009452233 0.0035953776781122012
-4 0.16857651722277742 -0.8316140678470024 -0.0331115551325102 -0.16334442964020693: -0.3971003670624259 -0.5593183339164622
-3 0.831614068689885 0.16857651306470706 -0.0331115551325102 -0.16334442964020693: -1.4335101725975006 0.47227495176605355
-2 0.36908049450297536 -0.7640547026080262 -0.0331115551325102 -0.16334442964020693: -0.9707349203998241 2.5096189079442928
-1 0.6086968276806313 0.5911752464130547 -0.0331115551325102 -0.16334442964020693: 0.40252575903258286 0.5601865900262419
-16 0.5330857544425791 -2.6297945886343266 -0.0331115551325102 -0.16334442964020693: -14668.691383815258 -131283.59530855552
-15 2.629794591299756 0.533085741293606 -0.0331115551325102 -0.16334442964020693: -60663.30143565179 -7375.383341378255
-14 1.1671350025706573 -2.416153117203956 -0.0331115551325102 -0.16334442964020693: 2608.4477214906287 10294.33025676254
-13 1.9248683799898216 1.86946027497654 -0.0331115551325102 -0.16334442964020693: 3575.525510663081 1335.1166893713844
-12 1.1920159847703673 -5.88039946704745 -0.0331115551325102 -0.16334442964020693: -132234.69529320695 -257563.52501292323
-11 5.88039947300753 1.19201595536837 -0.0331115551325102 -0.16334442964020693: -10145.060878668546 1226.94585844229
-10 2.609793204667381 -5.402682614116062 -0.0331115551325102 -0.16334442964020693: 67285.40035624945 32331.94487279537
-9 4.304136545397137 4.1802402560829925 -0.0331115551325102 -0.16334442964020693: -17.359748448708526 18.711675460591632
-8 1.685765172227774 -8.316140678470024 -0.0331115551325102 -0.16334442964020693: -981345.1510246273 -1155607.940870418
-7 8.31614068689885 1.6857651306470707 -0.0331115551325102 -0.16334442964020693: 394.26435128778957 -1256.559022681127
-6 3.690804945029753 -7.640547026080262 -0.0331115551325102 -0.16334442964020693: 134637.95771853757 6466.307212533361
-5 6.086968276806312 5.911752464130548 -0.0331115551325102 -0.16334442964020693: 0.03081331678302149 -0.09284354754103273
-4 2.9198309279286034 -14.403978178000397 -0.0331115551325102 -0.16334442964020693: -225427.28785917698 -30968295.471772008
-3 14.403978192599551 2.9198308559087125 -0.0331115551325102 -0.16334442964020693: -49.58817970992933 73.53723895917173
-2 6.39266168561799 -13.233815646790301 -0.0331115551325102 -0.16334442964020693: -76539.49896386164 696346.3550808583
-1 10.54293831948851 10.239455629644615 -0.0331115551325102 -0.16334442964020693: -6.787543719861234e-07 -1.1598182941357953e-05
-16 5.33085754442579 -26.297945886343268 -0.0331115551325102 -0.16334442964020693: -7.195062705283392e+20 9.295096813225505e+20
-15 26.297945912997555 5.3308574129360595 -0.0331115551325102 -0.16334442964020693: 423557450685.3388 8122046844.045659
-14 11.671350025706571 -24.161531172039563 -0.0331115551325102 -0.16334442964020693: -5.960874116502324e+18 -3.9265290272869903e+18
-13 19.248683799898217 18.6946027497654 -0.0331115551325102 -0.16334442964020693: 172.79108301580712 104.86894173589427
-12 2.5075721052945975e-06 8.106298917307973e-06 0.04925336777688993 -0.15922274818760102: -4.285114705728533 -1183.3630051235114
-11 8.106298904770113e-06 -2.5075721458260926e-06 0.04925336777688993 -0.15922274818760102: -384.0329434435184 0.7153841714489855
-10 4.2408731411240326e-07 8.47467698204533e-06 0.04925336777688993 -0.15922274818760102: 0.11032140467515847 131.6353216350957
-9 8.176062323715622e-06 2.2698028281588474e-06 0.04925336777688993 -0.15922274818760102: 48.010814958073475 -0.015556831105199035
-8 0.0002507572105294597 0.0008106298917307974 0.04925336777688993 -0.15922274818760102: -0.0019411175808985487 -18.80210558565457
-7 0.0008106298904770113 -0.0002507572145826092 0.04925336777688993 -0.15922274818760102: -8.000463061554548 0.0001952182869568814
-6 4.240873141124033e-05 0.0008474676982045329 0.04925336777688993 -0.15922274818760102: 9.354134105175146e-06 3.7600231254397967
-5 0.0008176062323715623 0.00022698028281588472 0.04925336777688993 -0.15922274818760102: 2.0000134261461877 2.4207291913230385e-06
-4 0.025075721052945976 0.08106298917307973 0.04925336777688993 -0.15922274818760102: 0.0023560356323752826 -1.2497479550164168
-3 0.08106298904770112 -0.025075721458260924 0.04925336777688993 -0.15922274818760102: -1.006575980117554 0.010028883782121032
-2 0.004240873141124029 0.08474676982045329 0.04925336777688993 -0.15922274818760102: -0.004883298134809785 1.1514656581648035
-1 0.08176062323715623 0.022698028281588473 0.04925336777688993 -0.15922274818760102: 2.5784494756548906 1.2946738437899632
-16 0.2507572105294597 0.8106298917307974 0.04925336777688993 -0.15922274818760102: 1152.638108933028 -159430.41199201817
-15 0.8106298904770113 -0.25075721458260924 0.04925336777688993 -0.15922274818760102: -46322.83378551952 1304.7247317783012
-14 0.042408731411240325 0.8474676982045329 0.04925336777688993 -0.15922274818760102: 75.00840673808494 12494.307864071823
-13 0.8176062323715623 0.22698028281588478 0.04925336777688993 -0.15922274818760102: 3946.779200831775 50.23714511816937
-12 0.7929639249834498 2.5634367972850125 0.04925336777688993 -0.15922274818760102: 173.5905854904523 -839.2670941166867
-11 2.5634367933201934 -0.7929639378006337 0.04925336777688993 -0.15922274818760102: -534.8805262935732 162.3917806609569
-10 0.13410818393784632 2.6799281697465127 0.04925336777688993 -0.15922274818760102: -3.530219774584748 81.9726389241346
-9 2.585497923443028 0.7177746776473728 0.04925336777688993 -0.15922274818760102: 72.92856885671347 31.609304578191935
-8 1.7731212399680372 5.732018934753636 0.04925336777688993 -0.15922274818760102: 1.9033645980302913 -0.928239651233504
-7 5.732018925888029 -1.7731212686281324 0.04925336777688993 -0.15922274818760102: 24.503587859125737 -1.8220936052776342
-6 0.2998750156240698 5.992501562369798 0.04925336777688993 -0.15922274818760102: -0.039061130921082404 0.17405048144843926
-5 5.7813491125031575 1.604992971747525 0.04925336777688993 -0.15922274818760102: -2.3019591333318816 -3.4034028155458107
-4 2.5075721052945976 8.106298917307972 0.04925336777688993 -0.15922274818760102: 0.0028034480746308593 0.0022111998409328646
-3 8.106298904770112 -2.5075721458260927 0.04925336777688993 -0.15922274818760102: -0.10138439327558782 0.28437894318630574
-2 0.42408731411240336 8.47467698204533 0.04925336777688993 -0.15922274818760102: -0.00010763856140773325 0.00023840078926357124
-1 8.176062323715621 2.269802828158848 0.04925336777688993 -0.15922274818760102: -0.03621265888670995 0.02543965488887861
-16 4.3432422900126975 14.040521586117992 0.04925336777688993 -0.15922274818760102: 187.38334889899443 1127.0854838702612
-15 14.04052156440178 -4.343242360215306 0.04925336777688993 -0.15922274818760102: -522000.5181660629 968873.8403354107
-14 0.734540774888104 14.67857111063699 0.04925336777688993 -0.15922274818760102: -15.65653501528165 6.900130999102194
-13 14.161355350525115 3.931413821534652 0.04925336777688993 -0.15922274818760102: -28938.165068716968 89241.97595173866
-12 7.929639249834496 25.634367972850125 0.04925336777688993 -0.15922274818760102: -0.00025919981390913664 -0.00032751524315795727
-11 25.63436793320193 -7.929639378006338 0.04925336777688993 -0.15922274818760102: 2109.602965943597 11472.301999798232
-10 1.3410818393784627 26.799281697465126 0.04925336777688993 -0.15922274818760102: -1.791419037105937e-05 1.3488502301976804e-05
-9 25.85497923443028 7.177746776473729 0.04925336777688993 -0.15922274818760102: -95.27786431955403 42.24504006857101
